FishID,Release_Group_binned,0,1,2,3,4,5,6,7,8,9,10,11,12,13,14,15,16,17,18,19,20,21,22,23,24,25,26,27,28,29,30,31,32,33,34,35,36,37,38,39,40,41,42,43,44,45,46,47,48,49,50,51
678,1,15,15,15,15,15,15,14,14,14,14,13.5,13,14,14,15,16,15,14,13,13,14,14,15,16,16.5,16.5,14.5,13.5,14,15,16,17,17,17,17,17,17,16.5,16,16,15.5,16,16,15.5,15.5,16,16,15,15,16,16.5,16.5
679,1,15,15,15,15,15,15,14,14,14,14,13.5,13,14,14,15,16,15,14,13,13,14,14,15,16,16.5,16.5,14.5,13.5,14,15,16,17,17,17,17,17,17,16.5,16,16,15.5,16,16,15.5,15.5,16,16,15,15,16,16.5,16.5
680,1,15,15,15,15,15,15,14,14,14,14,13.5,13,14,14,15,16,15,14,13,13,14,14,15,16,16.5,16.5,14.5,13.5,14,15,NA,17,NA,NA,17,NA,17,16.5,16,16,15.5,16,16,15.5,15.5,16,16,15,15,16,16.5,16.5
681,1,15,15,15,15,15,15,14,14,14,14,13.5,13,14,14,15,16,15,14,13,13,14,14,15,16,16.5,16.5,14.5,13.5,14,15,16,17,17,17,17,17,17,16.5,16,16,15.5,16,16,15.5,15.5,16,16,15,15,16,16.5,16.5
682,1,15,15,15,15,15,15,14,14,14,14,13.5,13,14,14,15,16,15,14,13,13,14,14,15,16,16.5,16.5,14.5,13.5,14,15,16,17,17,17,17,17,17,16.5,16,16,15.5,16,16,15.5,15.5,16,16,15,15,16,16.5,16.5
683,1,15,15,15,15,15,15,14,14,14,14,13.5,13,14,14,15,16,15,14,13,13,14,14,15,16,16.5,16.5,14.5,13.5,14,15,16,NA,17,17,17,17,17,16.5,16,16,15.5,16,16,15.5,15.5,16,16,15,15,16,16.5,16.5
684,1,15,15,15,15,15,15,14,14,14,14,13.5,13,14,14,15,16,15,14,13,13,14,14,15,16,16.5,16.5,14.5,13.5,14,15,16,17,17,17,17,17,17,16.5,16,16,15.5,16,16,15.5,15.5,16,16,15,15,16,16.5,16.5
685,1,15,15,15,15,15,15,14,14,14,14,13.5,13,14,14,15,16,15,14,13,13,14,14,15,16,16.5,16.5,14.5,13.5,14,15,16,17,17,17,17,17,17,16.5,16,16,15.5,16,16,15.5,15.5,16,16,15,15,16,16.5,16.5
686,1,15,15,15,15,15,15,14,14,14,14,13.5,13,14,14,15,16,15,14,13,13,14,14,15,16,16.5,16.5,14.5,13.5,14,15,16,17,17,17,17,17,17,16.5,16,16,15.5,16,16,15.5,15.5,16,16,15,15,16,16.5,16.5
687,1,15,15,15,15,15,15,14,14,14,14,13.5,13,14,14,15,16,15,14,13,13,14,14,15,16,16.5,16.5,14.5,13.5,14,15,16,17,17,17,17,17,17,16.5,16,16,15.5,16,16,15.5,15.5,16,16,15,15,16,16.5,16.5
688,1,15,15,15,15,15,15,14,14,14,14,13.5,13,14,14,15,16,15,14,13,13,14,14,15,16,16.5,16.5,14.5,13.5,14,15,16,17,17,17,17,17,17,16.5,16,16,15.5,16,16,15.5,15.5,16,16,15,15,16,16.5,16.5
689,1,15,15,15,15,15,15,14,14,14,14,13.5,13,14,14,15,16,15,14,13,13,14,14,15,16,16.5,16.5,14.5,13.5,14,15,16,17,17,17,17,17,17,16.5,16,16,15.5,16,16,15.5,15.5,16,16,15,15,16,16.5,16.5
690,1,15,15,15,15,15,15,14,14,14,14,13.5,13,14,14,15,16,15,14,13,13,14,14,15,16,16.5,16.5,14.5,13.5,14,15,16,17,17,17,17,17,17,16.5,16,16,15.5,16,16,15.5,15.5,16,16,15,15,16,16.5,16.5
691,1,15,15,15,15,15,15,14,14,14,14,13.5,13,14,14,15,16,15,14,13,13,14,14,15,16,16.5,16.5,14.5,13.5,14,15,16,17,17,17,17,17,17,16.5,16,16,15.5,16,16,15.5,15.5,16,16,15,15,16,16.5,16.5
692,1,15,15,15,15,15,15,14,14,14,14,13.5,13,14,14,15,16,15,14,13,13,14,14,15,16,16.5,16.5,14.5,13.5,14,15,16,17,17,17,17,17,17,16.5,16,16,15.5,16,16,15.5,15.5,16,16,15,15,16,16.5,16.5
693,1,15,15,15,15,15,15,14,14,14,14,13.5,13,14,14,15,16,15,14,13,13,14,14,15,16,16.5,16.5,14.5,13.5,14,15,16,17,17,17,17,17,17,16.5,16,16,15.5,16,16,15.5,15.5,16,16,15,15,16,16.5,16.5
694,1,15,15,15,15,15,15,14,14,14,14,13.5,13,14,14,15,16,15,14,13,13,14,14,15,16,16.5,16.5,14.5,13.5,14,15,16,17,17,17,17,17,17,16.5,16,16,15.5,16,16,15.5,15.5,16,16,15,15,16,16.5,16.5
695,1,15,15,15,15,15,15,14,14,14,14,13.5,13,14,14,15,16,15,14,13,13,14,14,15,16,16.5,16.5,14.5,13.5,14,15,16,17,17,17,17,17,17,16.5,16,16,15.5,16,16,15.5,15.5,16,16,15,15,16,16.5,16.5
696,1,15,15,15,15,15,15,14,14,14,14,13.5,13,14,14,15,16,15,14,13,13,14,14,15,16,16.5,16.5,14.5,13.5,14,15,16,17,17,17,17,17,17,16.5,16,16,15.5,16,16,15.5,15.5,16,16,15,15,16,16.5,16.5
697,1,15,15,15,15,15,15,14,14,14,14,13.5,13,14,14,15,16,15,14,13,13,14,14,15,16,16.5,16.5,14.5,13.5,14,15,16,17,17,17,17,17,17,16.5,16,16,15.5,16,16,15.5,15.5,16,16,15,15,16,16.5,16.5
698,1,15,15,15,15,15,15,14,14,14,14,13.5,13,14,14,15,16,15,14,13,13,14,14,15,16,16.5,16.5,14.5,13.5,14,15,16,17,17,NA,17,17,17,16.5,16,16,15.5,16,16,15.5,15.5,16,16,15,15,16,16.5,NA
699,1,15,15,15,15,15,15,14,14,14,14,13.5,13,14,14,15,16,15,14,13,13,14,14,15,16,16.5,16.5,14.5,13.5,14,15,16,17,17,17,17,17,17,16.5,16,16,15.5,16,16,15.5,15.5,16,16,15,15,16,16.5,16.5
700,1,15,15,15,15,15,15,14,14,14,14,13.5,13,14,14,15,16,15,14,13,13,14,14,15,16,16.5,16.5,14.5,13.5,14,15,16,17,NA,17,17,17,17,16.5,16,16,15.5,16,16,15.5,15.5,16,16,15,15,16,16.5,16.5
701,1,15,15,15,15,15,15,14,14,14,14,13.5,13,14,14,15,16,15,14,13,13,14,14,15,16,16.5,16.5,14.5,13.5,14,15,16,17,17,17,17,17,17,16.5,16,16,15.5,16,16,15.5,15.5,16,16,15,15,16,16.5,16.5
702,1,15,15,15,15,15,15,14,14,14,14,13.5,13,14,14,15,16,15,14,13,13,14,14,15,16,16.5,16.5,14.5,13.5,14,15,16,17,17,17,17,17,17,16.5,16,16,15.5,16,16,15.5,15.5,16,16,15,15,16,16.5,16.5
703,1,15,15,15,15,15,15,14,14,14,14,13.5,13,14,14,15,16,15,14,13,13,14,14,15,16,16.5,16.5,14.5,13.5,14,15,16,17,17,17,17,17,17,16.5,16,16,15.5,16,16,15.5,15.5,16,16,15,15,16,16.5,16.5
704,1,15,15,15,15,15,15,14,14,14,14,13.5,13,14,14,15,16,15,14,13,13,14,14,15,16,16.5,16.5,14.5,13.5,14,15,16,17,17,17,NA,17,17,NA,16,16,15.5,16,16,15.5,15.5,16,16,15,15,16,16.5,NA
705,1,15,15,15,15,15,15,14,14,14,14,13.5,13,14,14,15,16,15,14,13,13,14,14,15,16,16.5,16.5,14.5,13.5,14,15,16,17,17,17,17,17,17,16.5,16,16,15.5,16,16,15.5,15.5,16,16,15,15,16,16.5,16.5
706,1,15,15,15,15,15,15,14,14,14,14,13.5,13,14,14,15,16,15,14,13,13,14,14,15,16,16.5,16.5,14.5,13.5,14,15,16,17,17,17,17,17,17,16.5,16,16,15.5,16,16,15.5,15.5,16,16,15,15,16,16.5,16.5
707,1,15,15,15,15,15,15,14,14,14,14,13.5,13,14,14,15,16,15,14,13,13,14,14,15,16,16.5,16.5,14.5,13.5,14,15,16,17,17,17,17,17,17,16.5,16,16,15.5,16,16,15.5,15.5,16,16,15,15,16,16.5,16.5
708,1,15,15,15,15,15,15,14,14,14,14,13.5,13,14,14,15,16,15,14,13,13,14,14,15,16,16.5,16.5,14.5,13.5,14,15,16,17,17,17,17,17,17,16.5,16,16,15.5,16,16,15.5,15.5,16,16,15,15,16,16.5,16.5
709,1,15,15,15,15,15,15,14,14,14,14,13.5,13,14,14,15,16,15,14,13,13,14,14,15,16,16.5,16.5,14.5,13.5,14,15,16,17,17,17,17,17,17,16.5,16,16,15.5,16,16,15.5,15.5,16,16,15,15,16,16.5,16.5
710,1,15,15,15,15,15,15,14,14,14,14,13.5,13,14,14,15,16,15,14,13,13,14,14,15,16,16.5,16.5,14.5,13.5,14,15,16,17,17,17,17,17,17,16.5,16,16,15.5,16,16,15.5,15.5,16,16,15,15,16,16.5,16.5
711,1,15,15,15,15,15,15,14,14,14,14,13.5,13,14,14,15,16,15,14,13,13,14,14,15,16,16.5,16.5,14.5,13.5,14,15,16,17,17,17,17,17,17,16.5,16,16,15.5,16,16,15.5,15.5,16,16,15,15,16,16.5,16.5
712,1,15,15,15,15,15,15,14,14,14,14,13.5,13,14,14,15,16,15,14,13,13,14,14,15,16,16.5,16.5,14.5,13.5,14,15,16,17,17,17,17,17,17,16.5,16,16,15.5,16,16,15.5,15.5,16,16,15,15,16,16.5,16.5
713,1,15,15,15,15,15,15,14,14,14,14,13.5,13,14,14,15,16,15,14,13,13,14,14,15,16,16.5,16.5,14.5,13.5,14,15,16,17,17,17,17,17,17,16.5,16,16,15.5,16,16,15.5,15.5,16,16,15,15,16,16.5,16.5
714,1,15,15,15,15,15,15,14,14,14,14,13.5,13,14,14,15,16,15,14,13,13,14,14,15,16,16.5,16.5,14.5,13.5,14,15,NA,NA,NA,17,17,17,NA,NA,16,16,15.5,16,16,15.5,15.5,16,16,15,15,16,16.5,16.5
715,1,15,15,15,15,15,15,14,14,14,14,13.5,13,14,14,15,16,15,14,13,13,14,14,15,16,16.5,16.5,14.5,13.5,14,15,16,17,17,17,17,17,17,16.5,16,16,15.5,16,16,15.5,15.5,16,16,15,15,16,16.5,16.5
716,1,15,15,15,15,15,15,14,14,14,14,13.5,13,14,14,15,16,15,14,13,13,14,14,15,16,16.5,16.5,14.5,13.5,14,15,NA,17,NA,17,17,17,17,16.5,16,16,15.5,16,16,15.5,15.5,16,16,15,15,16,16.5,16.5
717,1,15,15,15,15,15,15,14,14,14,14,13.5,13,14,14,15,16,15,14,13,13,14,14,15,16,16.5,16.5,14.5,13.5,14,15,16,17,17,17,17,17,17,16.5,16,16,15.5,16,16,15.5,15.5,16,16,15,15,16,16.5,16.5
718,1,15,15,15,15,15,15,14,14,14,14,13.5,13,14,14,15,16,15,14,13,13,14,14,15,16,16.5,16.5,14.5,13.5,14,15,16,17,17,17,17,NA,17,16.5,16,16,15.5,16,16,15.5,15.5,16,16,15,15,16,16.5,16.5
719,1,15,15,15,15,15,15,14,14,14,14,13.5,13,14,14,15,16,15,14,13,13,14,14,15,16,16.5,16.5,14.5,13.5,14,15,16,17,17,17,17,17,17,16.5,16,16,15.5,16,16,15.5,15.5,16,16,15,15,16,16.5,16.5
720,1,15,15,15,15,15,15,14,14,14,14,13.5,13,14,14,15,16,15,14,13,13,14,14,15,16,16.5,16.5,14.5,13.5,14,15,16,17,17,17,17,17,17,16.5,16,16,15.5,16,16,15.5,15.5,16,16,15,15,16,16.5,16.5
721,1,15,15,15,15,15,15,14,14,14,14,13.5,13,14,14,15,16,15,14,13,13,14,14,15,16,16.5,16.5,14.5,13.5,14,15,16,17,17,17,17,17,17,16.5,16,16,15.5,16,16,15.5,15.5,16,16,15,15,16,16.5,16.5
722,1,15,15,15,15,15,15,14,14,14,14,13.5,13,14,14,15,16,15,14,13,13,14,14,15,16,16.5,16.5,14.5,13.5,14,15,16,17,17,17,17,17,17,16.5,16,16,15.5,16,16,15.5,15.5,16,16,15,15,16,16.5,16.5
723,1,15,15,15,15,15,15,14,14,14,14,13.5,13,14,14,15,16,15,14,13,13,14,14,15,16,16.5,16.5,14.5,13.5,14,15,16,17,17,17,17,17,17,16.5,16,16,15.5,16,16,15.5,15.5,16,16,15,15,16,16.5,16.5
724,1,15,15,15,15,15,15,14,14,14,14,13.5,13,14,14,15,16,15,14,13,13,14,14,15,16,16.5,16.5,14.5,13.5,14,15,16,17,17,17,17,17,17,16.5,16,16,15.5,16,16,15.5,15.5,16,16,15,15,16,16.5,16.5
725,1,15,15,15,15,15,15,14,14,14,14,13.5,13,14,14,15,16,15,14,13,13,14,14,15,16,16.5,16.5,14.5,13.5,14,15,16,17,17,17,17,17,17,16.5,16,16,15.5,16,16,15.5,15.5,16,16,15,15,16,16.5,16.5
726,1,15,15,15,15,15,15,14,14,14,14,13.5,13,14,14,15,16,15,14,13,13,14,14,15,16,16.5,16.5,14.5,13.5,14,15,16,17,17,17,17,17,17,16.5,16,16,15.5,16,16,15.5,15.5,16,16,15,15,16,16.5,16.5
727,1,15,15,15,15,15,15,14,14,14,14,13.5,13,14,14,15,16,15,14,13,13,14,14,15,16,16.5,16.5,14.5,13.5,14,15,16,17,17,17,17,17,17,16.5,16,16,15.5,16,16,15.5,15.5,16,16,15,15,16,16.5,16.5
848,1,15,15,15,15,15,14,14,14,14,13.5,13,14,14,15,16,15,14,13,13,14,14,15,16,16.5,16.5,14.5,13.5,14,15,16,17,17,17,17,17,17,16.5,16,16,15.5,16,16,15.5,15.5,16,16,15,15,16,16.5,16.5,16.5
849,1,15,15,15,15,15,14,14,14,14,13.5,13,14,14,15,16,15,14,13,13,14,14,15,16,16.5,16.5,14.5,13.5,14,15,16,17,17,17,17,17,17,16.5,16,16,15.5,16,16,15.5,15.5,16,16,15,15,16,16.5,16.5,16.5
850,1,15,15,15,15,15,14,14,14,14,13.5,13,14,14,15,16,15,14,13,13,14,14,15,16,16.5,16.5,14.5,13.5,14,15,16,17,17,17,17,17,17,16.5,16,16,15.5,16,16,15.5,15.5,16,16,15,15,16,16.5,16.5,16.5
851,1,15,15,15,15,15,14,14,14,14,13.5,13,14,14,15,16,15,14,13,13,14,14,15,16,16.5,16.5,14.5,13.5,14,15,16,17,NA,NA,17,17,17,16.5,16,16,15.5,16,16,15.5,15.5,16,16,15,15,16,16.5,16.5,16.5
852,1,15,15,15,15,15,14,14,14,14,13.5,13,14,14,15,16,15,14,13,13,14,14,15,16,16.5,16.5,14.5,13.5,14,15,16,17,17,17,17,17,17,16.5,16,16,15.5,16,16,15.5,15.5,16,16,15,15,16,16.5,16.5,16.5
853,1,15,15,15,15,15,14,14,14,14,13.5,13,14,14,15,16,15,14,13,13,14,14,15,16,16.5,16.5,14.5,13.5,14,15,16,17,17,17,17,17,17,16.5,16,16,15.5,16,16,15.5,15.5,16,16,15,15,16,16.5,16.5,16.5
854,1,15,15,15,15,15,14,14,14,14,13.5,13,14,14,15,16,15,14,13,13,14,14,15,16,16.5,16.5,14.5,13.5,14,15,16,17,17,17,17,17,17,16.5,16,16,15.5,16,16,15.5,15.5,16,16,15,15,16,16.5,16.5,16.5
855,1,15,15,15,15,15,14,14,14,14,13.5,13,14,14,15,16,15,14,13,13,14,14,15,16,16.5,16.5,14.5,13.5,14,15,16,17,17,17,17,17,17,16.5,16,16,15.5,16,16,15.5,15.5,16,16,15,15,16,16.5,16.5,16.5
856,1,15,15,15,15,15,14,14,14,14,13.5,13,14,14,15,16,15,14,13,13,14,14,15,16,16.5,16.5,14.5,13.5,14,15,NA,17,NA,NA,NA,NA,NA,NA,16,16,15.5,16,16,15.5,15.5,16,16,15,15,16,16.5,NA,NA
857,1,15,15,15,15,15,14,14,14,14,13.5,13,14,14,15,16,15,14,13,13,14,14,15,16,16.5,16.5,14.5,13.5,14,15,16,17,17,17,17,17,17,16.5,16,16,15.5,16,16,15.5,15.5,16,16,15,15,16,16.5,16.5,16.5
858,1,15,15,15,15,15,14,14,14,14,13.5,13,14,14,15,16,15,14,13,13,14,14,15,16,16.5,16.5,14.5,13.5,14,15,16,17,17,NA,17,17,17,16.5,16,16,15.5,16,16,15.5,15.5,16,16,15,15,16,16.5,16.5,16.5
859,1,15,15,15,15,15,14,14,14,14,13.5,13,14,14,15,16,15,14,13,13,14,14,15,16,16.5,16.5,14.5,13.5,14,15,16,17,17,17,17,17,17,16.5,16,16,15.5,16,16,15.5,15.5,16,16,15,15,16,16.5,16.5,16.5
860,1,15,15,15,15,15,14,14,14,14,13.5,13,14,14,15,16,15,14,13,13,14,14,15,16,16.5,16.5,14.5,13.5,14,15,16,17,17,17,17,17,17,16.5,16,16,15.5,16,16,15.5,15.5,16,16,15,15,16,16.5,16.5,16.5
861,1,15,15,15,15,15,14,14,14,14,13.5,13,14,14,15,16,15,14,13,13,14,14,15,16,16.5,16.5,14.5,13.5,14,15,16,17,17,17,17,17,17,16.5,16,16,15.5,16,16,15.5,15.5,16,16,15,15,16,16.5,16.5,16.5
862,1,15,15,15,15,15,14,14,14,14,13.5,13,14,14,15,16,15,14,13,13,14,14,15,16,16.5,16.5,14.5,13.5,14,15,16,17,17,17,17,17,17,16.5,16,16,15.5,16,16,15.5,15.5,16,16,15,15,16,16.5,16.5,16.5
863,1,15,15,15,15,15,14,14,14,14,13.5,13,14,14,15,16,15,14,13,13,14,14,15,16,16.5,16.5,14.5,13.5,14,15,16,17,17,17,17,17,17,16.5,16,16,15.5,16,16,15.5,15.5,16,16,15,15,16,16.5,16.5,16.5
864,1,15,15,15,15,15,14,14,14,14,13.5,13,14,14,15,16,15,14,13,13,14,14,15,16,16.5,16.5,14.5,13.5,14,15,16,17,17,17,17,17,17,16.5,16,16,15.5,16,16,15.5,15.5,16,16,15,15,16,16.5,16.5,16.5
865,1,15,15,15,15,15,14,14,14,14,13.5,13,14,14,15,16,15,14,13,13,14,14,15,16,16.5,16.5,14.5,13.5,14,15,16,17,17,17,17,17,17,16.5,16,16,15.5,16,16,15.5,15.5,16,16,15,15,16,16.5,16.5,16.5
866,1,15,15,15,15,15,14,14,14,14,13.5,13,14,14,15,16,15,14,13,13,14,14,15,16,16.5,16.5,14.5,13.5,14,15,16,17,17,17,17,17,17,16.5,16,16,15.5,16,16,15.5,15.5,16,16,15,15,16,16.5,16.5,16.5
867,1,15,15,15,15,15,14,14,14,14,13.5,13,14,14,15,16,15,14,13,13,14,14,15,16,16.5,16.5,14.5,13.5,14,15,16,17,17,17,17,17,17,16.5,16,16,15.5,16,16,15.5,15.5,16,16,15,15,16,16.5,16.5,16.5
868,1,15,15,15,15,15,14,14,14,14,13.5,13,14,14,15,16,15,14,13,13,14,14,15,16,16.5,16.5,14.5,13.5,14,15,16,17,17,17,17,17,17,16.5,16,16,15.5,16,16,15.5,15.5,16,16,15,15,16,16.5,16.5,16.5
869,1,15,15,15,15,15,14,14,14,14,13.5,13,14,14,15,16,15,14,13,13,14,14,15,16,16.5,16.5,14.5,13.5,14,15,16,17,17,17,17,17,17,16.5,16,16,15.5,16,16,15.5,15.5,16,16,15,15,16,16.5,16.5,16.5
870,1,15,15,15,15,15,14,14,14,14,13.5,13,14,14,15,16,15,14,13,13,14,14,15,16,16.5,16.5,14.5,13.5,14,15,16,17,17,17,17,17,17,16.5,16,16,15.5,16,16,15.5,15.5,16,16,15,15,16,16.5,16.5,16.5
871,1,15,15,15,15,15,14,14,14,14,13.5,13,14,14,15,16,15,14,13,13,14,14,15,16,16.5,16.5,14.5,13.5,14,15,NA,17,NA,NA,NA,17,NA,16.5,16,16,15.5,16,16,15.5,15.5,16,16,15,15,16,16.5,16.5,NA
872,1,15,15,15,15,15,14,14,14,14,13.5,13,14,14,15,16,15,14,13,13,14,14,15,16,16.5,16.5,14.5,13.5,14,15,16,17,17,17,17,17,17,16.5,16,16,15.5,16,16,15.5,15.5,16,16,15,15,16,16.5,16.5,16.5
993,1,15,15,15,15,14,14,14,14,13.5,13,14,14,15,16,15,14,13,13,14,14,15,16,16.5,16.5,14.5,13.5,14,15,16,17,17,17,17,17,17,16.5,16,16,15.5,16,16,15.5,15.5,16,16,15,15,16,16.5,16.5,16.5,17.5
994,1,15,15,15,15,14,14,14,14,13.5,13,14,14,15,16,15,14,13,13,14,14,15,16,16.5,16.5,14.5,13.5,14,15,16,17,17,17,17,17,17,16.5,16,16,15.5,16,16,15.5,15.5,16,16,15,15,16,16.5,16.5,16.5,17.5
995,1,15,15,15,15,14,14,14,14,13.5,13,14,14,15,16,15,14,13,13,14,14,15,16,16.5,16.5,14.5,13.5,14,15,16,17,17,17,17,17,17,16.5,16,16,15.5,16,16,15.5,15.5,16,16,15,15,16,16.5,16.5,16.5,17.5
996,1,15,15,15,15,14,14,14,14,13.5,13,14,14,15,16,15,14,13,13,14,14,15,16,16.5,16.5,14.5,13.5,14,15,16,17,17,17,17,17,17,16.5,16,16,15.5,16,16,15.5,15.5,16,16,15,15,16,16.5,16.5,16.5,17.5
997,1,15,15,15,15,14,14,14,14,13.5,13,14,14,15,16,15,14,13,13,14,14,15,16,16.5,16.5,14.5,13.5,14,15,16,17,17,17,17,17,17,16.5,16,16,15.5,16,16,15.5,15.5,16,16,15,15,16,16.5,16.5,16.5,17.5
998,1,15,15,15,15,14,14,14,14,13.5,13,14,14,15,16,15,14,13,13,14,14,15,16,16.5,16.5,14.5,13.5,14,15,16,17,17,17,17,17,17,16.5,16,16,15.5,16,16,15.5,15.5,16,16,15,15,16,16.5,16.5,16.5,17.5
999,1,15,15,15,15,14,14,14,14,13.5,13,14,14,15,16,15,14,13,13,14,14,15,16,16.5,16.5,14.5,13.5,14,15,16,17,17,17,17,17,17,16.5,16,16,15.5,16,16,15.5,15.5,16,16,15,15,16,16.5,16.5,16.5,17.5
1000,1,15,15,15,15,14,14,14,14,13.5,13,14,14,15,16,15,14,13,13,14,14,15,16,16.5,16.5,14.5,13.5,14,15,16,17,NA,17,17,17,NA,16.5,16,16,15.5,16,16,15.5,15.5,16,16,15,15,16,16.5,16.5,16.5,17.5
1001,1,15,15,15,15,14,14,14,14,13.5,13,14,14,15,16,15,14,13,13,14,14,15,16,16.5,16.5,14.5,13.5,14,15,16,17,17,17,17,17,17,16.5,16,16,15.5,16,16,15.5,15.5,16,16,15,15,16,16.5,16.5,16.5,17.5
1002,1,15,15,15,15,14,14,14,14,13.5,13,14,14,15,16,15,14,13,13,14,14,15,16,16.5,16.5,14.5,13.5,14,15,NA,17,NA,NA,17,17,17,16.5,16,16,15.5,16,16,15.5,15.5,16,16,15,15,16,16.5,16.5,NA,NA
1003,1,15,15,15,15,14,14,14,14,13.5,13,14,14,15,16,15,14,13,13,14,14,15,16,16.5,16.5,14.5,13.5,14,15,NA,17,NA,17,NA,NA,NA,NA,16,16,15.5,16,16,15.5,15.5,16,16,15,15,16,16.5,NA,NA,17.5
1004,1,15,15,15,15,14,14,14,14,13.5,13,14,14,15,16,15,14,13,13,14,14,15,16,16.5,16.5,14.5,13.5,14,15,16,17,17,17,17,17,17,16.5,16,16,15.5,16,16,15.5,15.5,16,16,15,15,16,16.5,16.5,16.5,17.5
1005,1,15,15,15,15,14,14,14,14,13.5,13,14,14,15,16,15,14,13,13,14,14,15,16,16.5,16.5,14.5,13.5,14,15,16,17,17,17,17,17,17,16.5,16,16,15.5,16,16,15.5,15.5,16,16,15,15,16,16.5,16.5,16.5,NA
1006,1,15,15,15,15,14,14,14,14,13.5,13,14,14,15,16,15,14,13,13,14,14,15,16,16.5,16.5,14.5,13.5,14,15,16,17,17,17,17,17,17,16.5,16,16,15.5,16,16,15.5,15.5,16,16,15,15,16,16.5,16.5,16.5,17.5
1007,1,15,15,15,15,14,14,14,14,13.5,13,14,14,15,16,15,14,13,13,14,14,15,16,16.5,16.5,14.5,13.5,14,15,16,17,17,17,17,17,17,16.5,16,16,15.5,16,16,15.5,15.5,16,16,15,15,16,16.5,16.5,16.5,17.5
1008,1,15,15,15,15,14,14,14,14,13.5,13,14,14,15,16,15,14,13,13,14,14,15,16,16.5,16.5,14.5,13.5,14,15,16,17,17,17,17,17,17,16.5,16,16,15.5,16,16,15.5,15.5,16,16,15,15,16,16.5,16.5,16.5,17.5
1009,1,15,15,15,15,14,14,14,14,13.5,13,14,14,15,16,15,14,13,13,14,14,15,16,16.5,16.5,14.5,13.5,14,15,16,17,17,17,17,17,17,16.5,16,16,15.5,16,16,15.5,15.5,16,16,15,15,16,16.5,16.5,16.5,17.5
1010,1,15,15,15,15,14,14,14,14,13.5,13,14,14,15,16,15,14,13,13,14,14,15,16,16.5,16.5,14.5,13.5,14,15,16,17,17,17,17,17,17,16.5,16,16,15.5,16,16,15.5,15.5,16,16,15,15,16,16.5,16.5,16.5,17.5
1011,1,15,15,15,15,14,14,14,14,13.5,13,14,14,15,16,15,14,13,13,14,14,15,16,16.5,16.5,14.5,13.5,14,15,NA,NA,17,NA,NA,NA,NA,NA,16,16,15.5,16,16,15.5,15.5,16,16,15,15,16,16.5,16.5,16.5,17.5
1012,1,15,15,15,15,14,14,14,14,13.5,13,14,14,15,16,15,14,13,13,14,14,15,16,16.5,16.5,14.5,13.5,14,15,16,17,17,17,17,17,17,16.5,16,16,15.5,16,16,15.5,15.5,16,16,15,15,16,16.5,16.5,16.5,17.5
1013,1,15,15,15,15,14,14,14,14,13.5,13,14,14,15,16,15,14,13,13,14,14,15,16,16.5,16.5,14.5,13.5,14,15,16,17,17,17,17,17,17,16.5,16,16,15.5,16,16,15.5,15.5,16,16,15,15,16,16.5,16.5,16.5,17.5
1014,1,15,15,15,15,14,14,14,14,13.5,13,14,14,15,16,15,14,13,13,14,14,15,16,16.5,16.5,14.5,13.5,14,15,16,17,17,17,17,17,17,16.5,16,16,15.5,16,16,15.5,15.5,16,16,15,15,16,16.5,16.5,16.5,17.5
1015,1,15,15,15,15,14,14,14,14,13.5,13,14,14,15,16,15,14,13,13,14,14,15,16,16.5,16.5,14.5,13.5,14,15,16,17,17,17,17,17,17,16.5,16,16,15.5,16,16,15.5,15.5,16,16,15,15,16,16.5,16.5,16.5,17.5
1016,1,15,15,15,15,14,14,14,14,13.5,13,14,14,15,16,15,14,13,13,14,14,15,16,16.5,16.5,14.5,13.5,14,15,16,17,17,17,17,17,17,16.5,16,16,15.5,16,16,15.5,15.5,16,16,15,15,16,16.5,16.5,16.5,17.5
1017,1,15,15,15,15,14,14,14,14,13.5,13,14,14,15,16,15,14,13,13,14,14,15,16,16.5,16.5,14.5,13.5,14,15,16,17,17,17,17,17,17,16.5,16,16,15.5,16,16,15.5,15.5,16,16,15,15,16,16.5,16.5,16.5,17.5
1113,2,15,15,16,17,17,17,17,17,17,16.5,16,16,15.5,16,16,15.5,15.5,16,16,15,15,16,16.5,16.5,16.5,17.5,18.5,18.5,18,17.5,17.5,17.5,17.5,17.5,17.5,17,17,16.5,16.5,17,17,18,18.5,19,19,18.5,18.5,19,20,20,21,22
1114,2,15,15,16,17,17,17,17,17,17,16.5,16,16,15.5,16,16,15.5,15.5,16,16,15,15,16,16.5,16.5,16.5,17.5,18.5,18.5,18,17.5,17.5,17.5,17.5,17.5,17.5,17,17,16.5,16.5,17,17,18,18.5,19,19,18.5,18.5,19,20,20,21,22
1115,2,15,15,16,17,17,17,17,17,17,16.5,16,16,15.5,16,16,15.5,15.5,16,16,15,15,16,16.5,16.5,16.5,17.5,18.5,18.5,18,17.5,17.5,17.5,17.5,17.5,17.5,17,17,16.5,16.5,17,17,18,18.5,19,19,18.5,18.5,19,20,20,21,22
1116,2,15,15,16,17,17,17,17,17,17,16.5,16,16,15.5,16,16,15.5,15.5,16,16,15,15,16,16.5,16.5,16.5,17.5,18.5,18.5,18,17.5,17.5,17.5,17.5,17.5,17.5,17,17,16.5,16.5,17,17,18,18.5,19,19,18.5,18.5,19,20,20,21,22
1117,2,15,15,16,17,17,17,17,17,17,16.5,16,16,15.5,16,16,15.5,15.5,16,16,15,15,16,16.5,16.5,16.5,17.5,18.5,18.5,18,17.5,17.5,17.5,17.5,17.5,17.5,17,17,16.5,16.5,17,17,18,18.5,19,19,18.5,18.5,19,20,20,21,22
1118,2,15,15,16,17,17,17,17,17,17,16.5,16,16,15.5,16,16,15.5,15.5,16,16,15,15,16,16.5,16.5,16.5,17.5,18.5,18.5,18,17.5,17.5,17.5,17.5,17.5,17.5,17,17,16.5,16.5,17,17,18,18.5,19,19,18.5,18.5,19,20,20,21,22
1119,2,15,15,16,17,17,17,17,17,17,16.5,16,16,15.5,16,16,15.5,15.5,16,16,15,15,16,16.5,16.5,16.5,17.5,18.5,18.5,18,17.5,17.5,17.5,17.5,17.5,17.5,17,17,16.5,16.5,17,17,18,18.5,19,19,18.5,18.5,19,20,20,21,22
1120,2,15,15,16,17,17,17,17,17,17,16.5,16,16,15.5,16,16,15.5,15.5,16,16,15,15,16,16.5,16.5,16.5,17.5,18.5,18.5,18,17.5,17.5,17.5,17.5,17.5,17.5,17,17,16.5,16.5,17,17,18,18.5,19,19,18.5,18.5,19,20,20,21,22
1121,2,15,15,16,17,17,17,17,17,17,16.5,16,16,15.5,16,16,15.5,15.5,16,16,15,15,16,16.5,16.5,16.5,17.5,18.5,18.5,18,17.5,17.5,17.5,17.5,17.5,17.5,17,17,16.5,16.5,17,17,18,18.5,19,19,18.5,18.5,19,20,20,21,22
1122,2,15,15,16,17,17,17,17,17,17,16.5,16,16,15.5,16,16,15.5,15.5,16,16,15,15,16,16.5,16.5,NA,17.5,18.5,18.5,18,17.5,17.5,17.5,17.5,17.5,17.5,17,17,16.5,16.5,17,17,18,18.5,19,19,18.5,18.5,19,20,20,21,22
1123,2,15,15,16,17,17,17,17,17,17,16.5,16,16,15.5,16,16,15.5,15.5,16,16,15,15,16,16.5,16.5,16.5,17.5,18.5,18.5,18,17.5,17.5,17.5,17.5,17.5,17.5,17,17,16.5,16.5,17,17,18,18.5,19,19,18.5,18.5,19,20,20,21,22
1124,2,15,15,16,17,17,17,17,17,17,16.5,16,16,15.5,16,16,15.5,15.5,16,16,15,15,16,16.5,16.5,16.5,17.5,18.5,18.5,18,17.5,17.5,17.5,17.5,17.5,17.5,17,17,16.5,16.5,17,17,18,18.5,19,19,18.5,18.5,19,20,20,21,22
1125,2,15,15,16,17,17,17,17,17,17,16.5,16,16,15.5,16,16,15.5,15.5,16,16,15,15,16,16.5,16.5,16.5,17.5,18.5,18.5,18,17.5,17.5,17.5,17.5,17.5,17.5,17,17,16.5,16.5,17,17,18,18.5,19,19,18.5,18.5,19,20,20,21,22
1126,2,15,15,16,17,17,17,17,17,17,16.5,16,16,15.5,16,16,15.5,15.5,16,16,15,15,16,16.5,16.5,16.5,17.5,18.5,18.5,18,17.5,17.5,17.5,17.5,17.5,17.5,17,17,16.5,16.5,17,17,18,18.5,19,19,18.5,18.5,19,20,20,21,22
1127,2,15,15,16,17,17,17,17,17,17,16.5,16,16,15.5,16,16,15.5,15.5,16,16,15,15,16,16.5,16.5,16.5,17.5,18.5,18.5,18,17.5,17.5,17.5,17.5,17.5,17.5,17,17,16.5,16.5,17,17,18,18.5,19,19,18.5,18.5,19,20,20,21,22
1128,2,15,15,16,17,17,17,17,17,17,16.5,16,16,15.5,16,16,15.5,15.5,16,16,15,15,16,16.5,16.5,16.5,17.5,18.5,18.5,18,17.5,17.5,17.5,17.5,17.5,17.5,17,17,16.5,16.5,17,17,18,18.5,19,19,18.5,18.5,19,20,20,21,22
1129,2,15,15,16,17,17,17,17,17,17,16.5,16,16,15.5,16,16,15.5,15.5,16,16,15,15,16,16.5,16.5,16.5,17.5,18.5,18.5,18,17.5,17.5,17.5,17.5,17.5,17.5,17,17,16.5,16.5,17,17,18,18.5,19,19,18.5,18.5,19,20,20,21,22
1130,2,15,15,16,17,17,17,17,17,17,16.5,16,16,15.5,16,16,15.5,15.5,16,16,15,15,16,16.5,16.5,16.5,17.5,18.5,18.5,18,17.5,17.5,17.5,17.5,17.5,17.5,17,17,16.5,16.5,17,17,18,18.5,19,19,18.5,18.5,19,20,20,21,22
1131,2,15,15,16,17,17,17,17,17,17,16.5,16,16,15.5,16,16,15.5,15.5,16,16,15,15,16,16.5,16.5,16.5,17.5,18.5,18.5,18,17.5,17.5,17.5,17.5,17.5,17.5,17,17,16.5,16.5,17,17,18,18.5,19,19,18.5,18.5,19,20,20,21,22
1132,2,15,15,16,17,17,17,17,17,17,16.5,16,16,15.5,16,16,15.5,15.5,16,16,15,15,16,16.5,16.5,16.5,17.5,18.5,18.5,18,17.5,17.5,17.5,17.5,17.5,17.5,17,17,16.5,16.5,17,17,18,18.5,19,19,18.5,18.5,19,20,20,21,22
1133,2,15,15,16,17,17,17,17,17,17,16.5,16,16,15.5,16,16,15.5,15.5,16,16,15,15,16,16.5,16.5,16.5,17.5,18.5,18.5,18,17.5,17.5,17.5,17.5,17.5,17.5,17,17,16.5,16.5,17,17,18,18.5,19,19,18.5,18.5,19,20,20,21,22
1134,2,15,15,16,17,17,17,17,17,17,16.5,16,16,15.5,16,16,15.5,15.5,16,16,15,15,16,16.5,16.5,16.5,17.5,18.5,18.5,18,17.5,17.5,17.5,17.5,17.5,17.5,17,17,16.5,16.5,17,17,18,18.5,19,19,18.5,18.5,19,20,20,21,22
1135,2,15,15,16,17,17,17,17,17,17,16.5,16,16,15.5,16,16,15.5,15.5,16,16,15,15,16,16.5,16.5,16.5,17.5,18.5,18.5,18,17.5,17.5,17.5,17.5,17.5,17.5,17,17,16.5,16.5,17,17,18,18.5,19,19,18.5,18.5,19,20,20,21,22
1136,2,15,15,16,17,17,17,17,17,17,16.5,16,16,15.5,16,16,15.5,15.5,16,16,15,15,16,16.5,16.5,16.5,17.5,18.5,18.5,18,17.5,17.5,17.5,17.5,17.5,17.5,17,17,16.5,16.5,17,17,18,18.5,19,19,18.5,18.5,19,20,20,21,22
1137,2,15,15,16,17,17,17,17,17,17,16.5,16,16,15.5,16,16,15.5,15.5,16,16,15,15,16,16.5,16.5,16.5,17.5,18.5,18.5,18,17.5,17.5,17.5,17.5,17.5,17.5,17,17,16.5,16.5,17,17,18,18.5,19,19,18.5,18.5,19,20,20,21,22
1138,2,15,15,16,17,17,17,17,17,17,16.5,16,16,15.5,16,16,15.5,15.5,16,16,15,15,16,16.5,16.5,16.5,17.5,18.5,18.5,18,17.5,17.5,17.5,17.5,17.5,17.5,17,17,16.5,16.5,17,17,18,18.5,19,19,18.5,18.5,19,20,20,21,22
1139,2,15,15,16,17,17,17,17,17,17,16.5,16,16,15.5,16,16,15.5,15.5,16,16,15,15,16,16.5,16.5,16.5,17.5,18.5,18.5,18,17.5,17.5,17.5,17.5,17.5,17.5,17,17,16.5,16.5,17,17,18,18.5,19,19,18.5,18.5,19,20,20,21,22
1140,2,15,15,16,17,17,17,17,17,17,16.5,16,16,15.5,16,16,15.5,15.5,16,16,15,15,16,16.5,NA,16.5,NA,NA,NA,NA,17.5,NA,17.5,17.5,17.5,17.5,17,17,16.5,16.5,17,17,18,18.5,19,19,18.5,18.5,19,20,20,21,22
1141,2,15,15,16,17,17,17,17,17,17,16.5,16,16,15.5,16,16,15.5,15.5,16,16,15,15,16,16.5,16.5,16.5,17.5,18.5,18.5,18,17.5,17.5,17.5,17.5,17.5,17.5,17,17,16.5,16.5,17,17,18,18.5,19,19,18.5,18.5,19,20,20,21,22
1142,2,15,15,16,17,17,17,17,17,17,16.5,16,16,15.5,16,16,15.5,15.5,16,16,15,15,16,16.5,16.5,16.5,17.5,18.5,18.5,18,17.5,17.5,17.5,17.5,17.5,17.5,17,17,16.5,16.5,17,17,18,18.5,19,19,18.5,18.5,19,20,20,21,22
1143,2,15,15,16,17,17,17,17,17,17,16.5,16,16,15.5,16,16,15.5,15.5,16,16,15,15,16,16.5,16.5,16.5,17.5,18.5,18.5,18,17.5,17.5,17.5,17.5,17.5,17.5,17,17,16.5,16.5,17,17,18,18.5,19,19,18.5,18.5,19,20,20,21,22
1144,2,15,15,16,17,17,17,17,17,17,16.5,16,16,15.5,16,16,15.5,15.5,16,16,15,15,16,16.5,16.5,16.5,17.5,18.5,18.5,18,17.5,17.5,17.5,17.5,17.5,17.5,17,17,16.5,16.5,17,17,18,18.5,19,19,18.5,18.5,19,20,20,21,22
1145,2,15,15,16,17,17,17,17,17,17,16.5,16,16,15.5,16,16,15.5,15.5,16,16,15,15,16,16.5,16.5,16.5,17.5,18.5,18.5,18,17.5,17.5,17.5,17.5,17.5,17.5,17,17,16.5,16.5,17,17,18,18.5,19,19,18.5,18.5,19,20,20,21,22
1146,2,15,15,16,17,17,17,17,17,17,16.5,16,16,15.5,16,16,15.5,15.5,16,16,15,15,16,16.5,16.5,16.5,17.5,18.5,18.5,18,17.5,17.5,17.5,17.5,17.5,17.5,17,17,16.5,16.5,17,17,18,18.5,19,19,18.5,18.5,19,20,20,21,22
1147,2,15,15,16,17,17,17,17,17,17,16.5,16,16,15.5,16,16,15.5,15.5,16,16,15,15,16,16.5,16.5,16.5,17.5,18.5,18.5,18,17.5,17.5,17.5,17.5,17.5,17.5,17,17,16.5,16.5,17,17,18,18.5,19,19,18.5,18.5,19,20,20,21,22
1148,2,15,15,16,17,17,17,17,17,17,16.5,16,16,15.5,16,16,15.5,15.5,16,16,15,15,16,16.5,16.5,16.5,17.5,18.5,18.5,18,17.5,17.5,17.5,17.5,17.5,17.5,17,17,16.5,16.5,17,17,18,18.5,19,19,18.5,18.5,19,20,20,21,22
1149,2,15,15,16,17,17,17,17,17,17,16.5,16,16,15.5,16,16,15.5,15.5,16,16,15,15,16,16.5,16.5,16.5,17.5,18.5,18.5,18,17.5,17.5,17.5,17.5,17.5,17.5,17,17,16.5,16.5,17,17,18,18.5,19,19,18.5,18.5,19,20,20,21,22
1150,2,15,15,16,17,17,17,17,17,17,16.5,16,16,15.5,16,16,15.5,15.5,16,16,15,15,16,16.5,16.5,16.5,17.5,18.5,18.5,18,17.5,17.5,17.5,17.5,17.5,17.5,17,17,16.5,16.5,17,17,18,18.5,19,19,18.5,18.5,19,20,20,21,22
1151,2,15,15,16,17,17,17,17,17,17,16.5,16,16,15.5,16,16,15.5,15.5,16,16,15,15,16,16.5,16.5,16.5,17.5,18.5,18.5,18,17.5,17.5,17.5,17.5,17.5,17.5,17,17,16.5,16.5,17,17,18,18.5,19,19,18.5,18.5,19,20,20,21,22
1152,2,15,15,16,17,17,17,17,17,17,16.5,16,16,15.5,16,16,15.5,15.5,16,16,15,15,16,16.5,16.5,16.5,17.5,18.5,18.5,18,17.5,17.5,17.5,17.5,17.5,17.5,17,17,16.5,16.5,17,17,18,18.5,19,19,18.5,18.5,19,20,20,21,22
1153,2,15,15,16,17,17,17,17,17,17,16.5,16,16,15.5,16,16,15.5,15.5,16,16,15,15,16,16.5,16.5,16.5,17.5,18.5,18.5,18,17.5,17.5,17.5,17.5,17.5,17.5,17,17,16.5,16.5,17,17,18,18.5,19,19,18.5,18.5,19,20,20,21,22
1154,2,15,15,16,17,17,17,17,17,17,16.5,16,16,15.5,16,16,15.5,15.5,16,16,15,15,16,16.5,16.5,16.5,17.5,18.5,18.5,18,17.5,17.5,17.5,17.5,17.5,17.5,17,17,16.5,16.5,17,17,18,18.5,19,19,18.5,18.5,19,20,20,21,22
1155,2,15,15,16,17,17,17,17,17,17,16.5,16,16,15.5,16,16,15.5,15.5,16,16,15,15,16,16.5,16.5,16.5,17.5,18.5,18.5,18,17.5,17.5,17.5,17.5,17.5,17.5,17,17,16.5,16.5,17,17,18,18.5,19,19,18.5,18.5,19,20,20,21,22
1156,2,15,15,16,17,17,17,17,17,17,16.5,16,16,15.5,16,16,15.5,15.5,16,16,15,15,16,16.5,NA,16.5,17.5,18.5,18.5,18,17.5,NA,17.5,17.5,17.5,17.5,17,17,16.5,16.5,17,17,18,18.5,19,19,18.5,18.5,19,20,20,21,22
1157,2,15,15,16,17,17,17,17,17,17,16.5,16,16,15.5,16,16,15.5,15.5,16,16,15,15,16,16.5,16.5,16.5,17.5,18.5,18.5,18,17.5,17.5,17.5,17.5,17.5,17.5,17,17,16.5,16.5,17,17,18,18.5,19,19,18.5,18.5,19,20,20,21,22
1158,2,15,15,16,17,17,17,17,17,17,16.5,16,16,15.5,16,16,15.5,15.5,16,16,15,15,16,16.5,16.5,16.5,17.5,18.5,18.5,18,17.5,17.5,17.5,17.5,17.5,17.5,17,17,16.5,16.5,17,17,18,18.5,19,19,18.5,18.5,19,20,20,21,22
1159,2,15,15,16,17,17,17,17,17,17,16.5,16,16,15.5,16,16,15.5,15.5,16,16,15,15,16,16.5,16.5,16.5,17.5,18.5,18.5,18,17.5,17.5,17.5,17.5,17.5,17.5,17,17,16.5,16.5,17,17,18,18.5,19,19,18.5,18.5,19,20,20,21,22
1160,2,15,15,16,17,17,17,17,17,17,16.5,16,16,15.5,16,16,15.5,15.5,16,16,15,15,16,16.5,16.5,16.5,17.5,18.5,18.5,18,17.5,17.5,17.5,17.5,17.5,17.5,17,17,16.5,16.5,17,17,18,18.5,19,19,18.5,18.5,19,20,20,21,22
1161,2,15,15,16,17,17,17,17,17,17,16.5,16,16,15.5,16,16,15.5,15.5,16,16,15,15,16,16.5,16.5,16.5,17.5,18.5,18.5,18,17.5,17.5,17.5,17.5,17.5,17.5,17,17,16.5,16.5,17,17,18,18.5,19,19,18.5,18.5,19,20,20,21,22
1162,2,15,15,16,17,17,17,17,17,17,16.5,16,16,15.5,16,16,15.5,15.5,16,16,15,15,16,16.5,16.5,16.5,17.5,18.5,18.5,18,17.5,17.5,17.5,17.5,17.5,17.5,17,17,16.5,16.5,17,17,18,18.5,19,19,18.5,18.5,19,20,20,21,22
1283,2,16,16,17,17,17,17,17,17,16.5,16,16,15.5,16,16,15.5,15.5,16,16,15,15,16,16.5,16.5,16.5,17.5,18.5,18.5,18,17.5,17.5,17.5,17.5,17.5,17.5,17,17,16.5,16.5,17,17,18,18.5,19,19,18.5,18.5,19,20,20,21,22,22.5
1284,2,16,16,17,17,17,17,17,17,16.5,16,16,15.5,16,16,15.5,15.5,16,16,15,15,16,16.5,16.5,16.5,17.5,18.5,18.5,18,17.5,17.5,17.5,17.5,17.5,17.5,17,17,16.5,16.5,17,17,18,18.5,19,19,18.5,18.5,19,20,20,21,22,22.5
1285,2,16,16,17,17,17,17,17,17,16.5,16,16,15.5,16,16,15.5,15.5,16,16,15,15,16,16.5,16.5,16.5,17.5,18.5,18.5,18,17.5,17.5,17.5,17.5,17.5,17.5,17,17,16.5,16.5,17,17,18,18.5,19,19,18.5,18.5,19,20,20,21,22,22.5
1286,2,16,16,17,17,17,17,17,17,16.5,16,16,15.5,16,16,15.5,15.5,16,16,15,15,16,16.5,16.5,16.5,17.5,18.5,18.5,18,17.5,17.5,17.5,17.5,17.5,17.5,17,17,16.5,16.5,17,17,18,18.5,19,19,18.5,18.5,19,20,20,21,22,22.5
1287,2,16,16,17,17,17,17,17,17,16.5,16,16,15.5,16,16,15.5,15.5,16,16,15,15,16,16.5,16.5,16.5,17.5,18.5,18.5,18,17.5,17.5,17.5,17.5,17.5,17.5,17,17,16.5,16.5,17,17,18,18.5,19,19,18.5,18.5,19,20,20,21,22,22.5
1288,2,16,16,17,17,17,17,17,17,16.5,16,16,15.5,16,16,15.5,15.5,16,16,15,15,16,16.5,16.5,16.5,17.5,18.5,18.5,18,17.5,17.5,17.5,17.5,17.5,17.5,17,17,16.5,16.5,17,17,18,18.5,19,19,18.5,18.5,19,20,20,21,22,22.5
1289,2,16,16,17,17,17,17,17,17,16.5,16,16,15.5,16,16,15.5,15.5,16,16,15,15,16,16.5,16.5,16.5,17.5,18.5,18.5,18,17.5,17.5,17.5,17.5,17.5,17.5,17,17,16.5,16.5,17,17,18,18.5,19,19,18.5,18.5,19,20,20,21,22,22.5
1290,2,16,16,17,17,17,17,17,17,16.5,16,16,15.5,16,16,15.5,15.5,16,16,15,15,16,16.5,16.5,16.5,17.5,18.5,18.5,18,17.5,17.5,17.5,17.5,17.5,17.5,17,17,16.5,16.5,17,17,18,18.5,19,19,18.5,18.5,19,20,20,21,22,22.5
1291,2,16,16,17,17,17,17,17,17,16.5,16,16,15.5,16,16,15.5,15.5,16,16,15,15,16,16.5,16.5,16.5,17.5,18.5,18.5,18,17.5,17.5,17.5,17.5,17.5,17.5,17,17,16.5,16.5,17,17,18,18.5,19,19,18.5,18.5,19,20,20,21,22,22.5
1292,2,16,16,17,17,17,17,17,17,16.5,16,16,15.5,16,16,15.5,15.5,16,16,15,15,16,16.5,16.5,16.5,17.5,18.5,18.5,18,17.5,17.5,17.5,17.5,17.5,17.5,17,17,16.5,16.5,17,17,18,18.5,19,19,18.5,18.5,19,20,20,21,22,22.5
1293,2,16,16,17,17,17,17,17,17,16.5,16,16,15.5,16,16,15.5,15.5,16,16,15,15,16,16.5,16.5,16.5,17.5,18.5,18.5,18,17.5,17.5,17.5,17.5,17.5,17.5,17,17,16.5,16.5,17,17,18,18.5,19,19,18.5,18.5,19,20,20,21,22,22.5
1294,2,16,16,17,17,17,17,17,17,16.5,16,16,15.5,16,16,15.5,15.5,16,16,15,15,16,16.5,16.5,16.5,17.5,18.5,18.5,18,17.5,17.5,17.5,17.5,17.5,17.5,17,17,16.5,16.5,17,17,18,18.5,19,19,18.5,18.5,19,20,20,21,22,22.5
1295,2,16,16,17,17,17,17,17,17,16.5,16,16,15.5,16,16,15.5,15.5,16,16,15,15,16,16.5,16.5,16.5,17.5,18.5,18.5,18,17.5,17.5,17.5,17.5,17.5,17.5,17,17,16.5,16.5,17,17,18,18.5,19,19,18.5,18.5,19,20,20,21,22,22.5
1296,2,16,16,17,17,17,17,17,17,16.5,16,16,15.5,16,16,15.5,15.5,16,16,15,15,16,16.5,16.5,16.5,17.5,18.5,18.5,18,17.5,17.5,17.5,17.5,17.5,17.5,17,17,16.5,16.5,17,17,18,18.5,19,19,18.5,18.5,19,20,20,21,22,22.5
1297,2,16,16,17,17,17,17,17,17,16.5,16,16,15.5,16,16,15.5,15.5,16,16,15,15,16,16.5,16.5,16.5,17.5,18.5,18.5,18,17.5,17.5,17.5,17.5,17.5,17.5,17,17,16.5,16.5,17,17,18,18.5,19,19,18.5,18.5,19,20,20,21,22,22.5
1298,2,16,16,17,17,17,17,17,17,16.5,16,16,15.5,16,16,15.5,15.5,16,16,15,15,16,16.5,16.5,16.5,17.5,18.5,18.5,18,17.5,17.5,17.5,17.5,17.5,17.5,17,17,16.5,16.5,17,17,18,18.5,19,19,18.5,18.5,19,20,20,21,22,22.5
1299,2,16,16,17,17,17,17,17,17,16.5,16,16,15.5,16,16,15.5,15.5,16,16,15,15,16,16.5,16.5,16.5,17.5,18.5,18.5,18,17.5,17.5,17.5,17.5,17.5,17.5,17,17,16.5,16.5,17,17,18,18.5,19,19,18.5,18.5,19,20,20,21,22,22.5
1300,2,16,16,17,17,17,17,17,17,16.5,16,16,15.5,16,16,15.5,15.5,16,16,15,15,16,16.5,16.5,16.5,17.5,18.5,18.5,18,17.5,17.5,17.5,17.5,17.5,17.5,17,17,16.5,16.5,17,17,18,18.5,19,19,18.5,18.5,19,20,20,21,22,22.5
1301,2,16,16,17,17,17,17,17,17,16.5,16,16,15.5,16,16,15.5,15.5,16,16,15,15,16,16.5,16.5,16.5,17.5,18.5,18.5,18,17.5,17.5,17.5,17.5,17.5,17.5,17,17,16.5,16.5,17,17,18,18.5,19,19,18.5,18.5,19,20,20,21,22,22.5
1302,2,16,16,17,17,17,17,17,17,16.5,16,16,15.5,16,16,15.5,15.5,16,16,15,15,16,16.5,16.5,16.5,17.5,18.5,18.5,18,17.5,17.5,17.5,17.5,17.5,17.5,17,17,16.5,16.5,17,17,18,18.5,19,19,18.5,18.5,19,20,20,21,22,22.5
1303,2,16,16,17,17,17,17,17,17,16.5,16,16,15.5,16,16,15.5,15.5,16,16,15,15,16,16.5,16.5,16.5,17.5,18.5,18.5,18,17.5,17.5,17.5,17.5,17.5,17.5,17,17,16.5,16.5,17,17,18,18.5,19,19,18.5,18.5,19,20,20,21,22,22.5
1304,2,16,16,17,17,17,17,17,17,16.5,16,16,15.5,16,16,15.5,15.5,16,16,15,15,16,16.5,16.5,16.5,17.5,18.5,18.5,18,17.5,17.5,17.5,17.5,17.5,17.5,17,17,16.5,16.5,17,17,18,18.5,19,19,18.5,18.5,19,20,20,21,22,22.5
1305,2,16,16,17,17,17,17,17,17,16.5,16,16,15.5,16,16,15.5,15.5,16,16,15,15,16,16.5,16.5,16.5,17.5,18.5,18.5,18,17.5,17.5,17.5,17.5,17.5,17.5,17,17,16.5,16.5,17,17,18,18.5,19,19,18.5,18.5,19,20,20,21,22,22.5
1306,2,16,16,17,17,17,17,17,17,16.5,16,16,15.5,16,16,15.5,15.5,16,16,15,15,16,16.5,16.5,16.5,17.5,18.5,18.5,18,17.5,17.5,17.5,17.5,17.5,17.5,17,17,16.5,16.5,17,17,18,18.5,19,19,18.5,18.5,19,20,20,21,22,22.5
1307,2,16,16,17,17,17,17,17,17,16.5,16,16,15.5,16,16,15.5,15.5,16,16,15,15,16,16.5,16.5,16.5,17.5,18.5,18.5,18,17.5,17.5,17.5,17.5,17.5,17.5,17,17,16.5,16.5,17,17,18,18.5,19,19,18.5,18.5,19,20,20,21,22,22.5
1428,2,17,17,17,17,17,17,17,16.5,16,16,15.5,16,16,15.5,15.5,16,16,15,15,16,16.5,16.5,16.5,17.5,18.5,18.5,18,17.5,17.5,17.5,17.5,17.5,17.5,17,17,16.5,16.5,17,17,18,18.5,19,19,18.5,18.5,19,20,20,21,22,22.5,22.5
1429,2,17,17,17,17,17,17,17,16.5,16,16,15.5,16,16,15.5,15.5,16,16,15,15,16,16.5,16.5,16.5,17.5,18.5,18.5,18,17.5,17.5,17.5,17.5,17.5,17.5,17,17,16.5,16.5,17,17,18,18.5,19,19,18.5,18.5,19,20,20,21,22,22.5,22.5
1430,2,17,17,17,17,17,17,17,16.5,16,16,15.5,16,16,15.5,15.5,16,16,15,15,16,16.5,16.5,16.5,17.5,18.5,18.5,18,17.5,17.5,17.5,17.5,17.5,17.5,17,17,16.5,16.5,17,17,18,18.5,19,19,18.5,18.5,19,20,20,21,22,22.5,22.5
1431,2,17,17,17,17,17,17,17,16.5,16,16,15.5,16,16,15.5,15.5,16,16,15,15,16,16.5,16.5,16.5,17.5,18.5,18.5,18,17.5,17.5,17.5,17.5,17.5,17.5,17,17,16.5,16.5,17,17,18,18.5,19,19,18.5,18.5,19,20,20,21,22,22.5,22.5
1432,2,17,17,17,17,17,17,17,16.5,16,16,15.5,16,16,15.5,15.5,16,16,15,15,16,16.5,16.5,16.5,17.5,18.5,18.5,18,17.5,17.5,17.5,17.5,17.5,17.5,17,17,16.5,16.5,17,17,18,18.5,19,19,18.5,18.5,19,20,20,21,22,22.5,22.5
1433,2,17,17,17,17,17,17,17,16.5,16,16,15.5,16,16,15.5,15.5,16,16,15,15,16,16.5,16.5,16.5,17.5,18.5,18.5,18,17.5,17.5,17.5,17.5,17.5,17.5,17,17,16.5,16.5,17,17,18,18.5,19,19,18.5,18.5,19,20,20,21,22,22.5,22.5
1434,2,17,17,17,17,17,17,17,16.5,16,16,15.5,16,16,15.5,15.5,16,16,15,15,16,16.5,16.5,16.5,NA,18.5,18.5,NA,17.5,17.5,17.5,17.5,17.5,17.5,17,17,16.5,16.5,17,17,18,18.5,19,19,18.5,18.5,19,20,20,21,22,22.5,22.5
1435,2,17,17,17,17,17,17,17,16.5,16,16,15.5,16,16,15.5,15.5,16,16,15,15,16,16.5,16.5,16.5,17.5,18.5,18.5,18,17.5,17.5,17.5,17.5,17.5,17.5,17,17,16.5,16.5,17,17,18,18.5,19,19,18.5,18.5,19,20,20,21,22,22.5,22.5
1436,2,17,17,17,17,17,17,17,16.5,16,16,15.5,16,16,15.5,15.5,16,16,15,15,16,16.5,16.5,16.5,17.5,18.5,18.5,18,17.5,17.5,17.5,17.5,17.5,17.5,17,17,16.5,16.5,17,17,18,18.5,19,19,18.5,18.5,19,20,20,21,22,22.5,22.5
1437,2,17,17,17,17,17,17,17,16.5,16,16,15.5,16,16,15.5,15.5,16,16,15,15,16,16.5,16.5,16.5,17.5,18.5,18.5,18,17.5,17.5,17.5,17.5,17.5,17.5,17,17,16.5,16.5,17,17,18,18.5,19,19,18.5,18.5,19,20,20,21,22,22.5,22.5
1438,2,17,17,17,17,17,17,17,16.5,16,16,15.5,16,16,15.5,15.5,16,16,15,15,16,16.5,16.5,16.5,17.5,18.5,18.5,18,17.5,17.5,17.5,17.5,17.5,17.5,17,17,16.5,16.5,17,17,18,18.5,19,19,18.5,18.5,19,20,20,21,22,22.5,22.5
1439,2,17,17,17,17,17,17,17,16.5,16,16,15.5,16,16,15.5,15.5,16,16,15,15,16,16.5,16.5,16.5,17.5,18.5,18.5,18,17.5,17.5,17.5,17.5,17.5,17.5,17,17,16.5,16.5,17,17,18,18.5,19,19,18.5,18.5,19,20,20,21,22,22.5,22.5
1440,2,17,17,17,17,17,17,17,16.5,16,16,15.5,16,16,15.5,15.5,16,16,15,15,16,16.5,16.5,16.5,17.5,18.5,18.5,18,17.5,17.5,17.5,17.5,17.5,17.5,17,17,16.5,16.5,17,17,18,18.5,19,19,18.5,18.5,19,20,20,21,22,22.5,22.5
1441,2,17,17,17,17,17,17,17,16.5,16,16,15.5,16,16,15.5,15.5,16,16,15,15,16,16.5,16.5,16.5,17.5,18.5,18.5,18,17.5,17.5,17.5,17.5,17.5,17.5,17,17,16.5,16.5,17,17,18,18.5,19,19,18.5,18.5,19,20,20,21,22,22.5,22.5
1442,2,17,17,17,17,17,17,17,16.5,16,16,15.5,16,16,15.5,15.5,16,16,15,15,16,16.5,16.5,16.5,17.5,18.5,18.5,18,17.5,17.5,17.5,17.5,17.5,17.5,17,17,16.5,16.5,17,17,18,18.5,19,19,18.5,18.5,19,20,20,21,22,22.5,22.5
1443,2,17,17,17,17,17,17,17,16.5,16,16,15.5,16,16,15.5,15.5,16,16,15,15,16,16.5,16.5,16.5,17.5,18.5,18.5,18,17.5,17.5,17.5,17.5,17.5,17.5,17,17,16.5,16.5,17,17,18,18.5,19,19,18.5,18.5,19,20,20,21,22,22.5,22.5
1444,2,17,17,17,17,17,17,17,16.5,16,16,15.5,16,16,15.5,15.5,16,16,15,15,16,16.5,16.5,16.5,17.5,18.5,18.5,18,17.5,17.5,17.5,17.5,17.5,17.5,17,17,16.5,16.5,17,17,18,18.5,19,19,18.5,18.5,19,20,20,21,22,22.5,22.5
1445,2,17,17,17,17,17,17,17,16.5,16,16,15.5,16,16,15.5,15.5,16,16,15,15,16,16.5,16.5,16.5,17.5,18.5,18.5,18,17.5,17.5,17.5,17.5,17.5,17.5,17,17,16.5,16.5,17,17,18,18.5,19,19,18.5,18.5,19,20,20,21,22,22.5,22.5
1446,2,17,17,17,17,17,17,17,16.5,16,16,15.5,16,16,15.5,15.5,16,16,15,15,16,16.5,16.5,16.5,17.5,18.5,18.5,18,17.5,17.5,17.5,17.5,17.5,17.5,17,17,16.5,16.5,17,17,18,18.5,19,19,18.5,18.5,19,20,20,21,22,22.5,22.5
1447,2,17,17,17,17,17,17,17,16.5,16,16,15.5,16,16,15.5,15.5,16,16,15,15,16,16.5,16.5,16.5,17.5,18.5,18.5,18,NA,17.5,17.5,17.5,17.5,17.5,17,17,16.5,16.5,17,17,18,18.5,19,19,18.5,18.5,19,20,20,21,22,22.5,22.5
1448,2,17,17,17,17,17,17,17,16.5,16,16,15.5,16,16,15.5,15.5,16,16,15,15,16,16.5,16.5,16.5,17.5,18.5,18.5,18,17.5,17.5,17.5,17.5,17.5,17.5,17,17,16.5,16.5,17,17,18,18.5,19,19,18.5,18.5,19,20,20,21,22,22.5,22.5
1449,2,17,17,17,17,17,17,17,16.5,16,16,15.5,16,16,15.5,15.5,16,16,15,15,16,16.5,16.5,16.5,17.5,18.5,18.5,18,17.5,17.5,17.5,17.5,17.5,17.5,17,17,16.5,16.5,17,17,18,18.5,19,19,18.5,18.5,19,20,20,21,22,22.5,22.5
1450,2,17,17,17,17,17,17,17,16.5,16,16,15.5,16,16,15.5,15.5,16,16,15,15,16,16.5,16.5,16.5,17.5,18.5,18.5,18,17.5,17.5,17.5,17.5,17.5,17.5,17,17,16.5,16.5,17,17,18,18.5,19,19,18.5,18.5,19,20,20,21,22,22.5,22.5
1451,2,17,17,17,17,17,17,17,16.5,16,16,15.5,16,16,15.5,15.5,16,16,15,15,16,16.5,16.5,16.5,17.5,18.5,18.5,18,17.5,17.5,17.5,17.5,17.5,17.5,17,17,16.5,16.5,17,17,18,18.5,19,19,18.5,18.5,19,20,20,21,22,22.5,22.5
1452,2,17,17,17,17,17,17,17,16.5,16,16,15.5,16,16,15.5,15.5,16,16,15,15,16,16.5,16.5,16.5,17.5,18.5,18.5,18,17.5,17.5,17.5,17.5,17.5,17.5,17,17,16.5,16.5,17,17,18,18.5,19,19,18.5,18.5,19,20,20,21,22,22.5,22.5
1489,3,16.5,16.5,16.5,16.5,17.5,18.5,18.5,18,17.5,17.5,17.5,17.5,17.5,17.5,17,17,16.5,16.5,17,17,18,18.5,19,19,18.5,18.5,19,20,20,21,22,22.5,22.5,22.5,22.5,23.5,24,23.5,22,21,20.5,20.5,19.5,19.5,19,19,19.5,20.5,20.5,20.5,19.5,19
1490,3,16.5,16.5,16.5,16.5,17.5,18.5,18.5,18,17.5,17.5,17.5,17.5,17.5,17.5,17,17,16.5,16.5,17,17,18,18.5,19,19,18.5,18.5,19,20,20,21,22,22.5,22.5,22.5,22.5,23.5,24,23.5,22,21,20.5,20.5,19.5,19.5,19,19,19.5,20.5,20.5,20.5,19.5,19
1491,3,16.5,16.5,16.5,16.5,17.5,18.5,18.5,18,17.5,17.5,17.5,17.5,17.5,17.5,17,17,16.5,16.5,17,17,18,18.5,19,19,18.5,18.5,19,20,20,21,22,22.5,22.5,22.5,22.5,23.5,24,23.5,22,21,20.5,20.5,19.5,19.5,19,19,19.5,20.5,20.5,20.5,19.5,19
1492,3,16.5,16.5,16.5,16.5,17.5,18.5,18.5,18,17.5,17.5,17.5,17.5,17.5,17.5,17,17,16.5,16.5,17,17,18,18.5,19,19,18.5,18.5,19,20,20,21,22,22.5,22.5,22.5,22.5,23.5,24,23.5,22,21,20.5,20.5,19.5,19.5,19,19,19.5,20.5,20.5,20.5,19.5,19
1493,3,16.5,16.5,16.5,16.5,17.5,18.5,18.5,18,17.5,17.5,17.5,17.5,17.5,17.5,17,17,16.5,16.5,17,17,18,18.5,19,19,18.5,18.5,19,20,20,21,22,22.5,22.5,22.5,22.5,23.5,24,23.5,22,21,20.5,20.5,19.5,19.5,19,19,19.5,20.5,20.5,NA,19.5,19
1494,3,16.5,16.5,16.5,16.5,17.5,18.5,18.5,18,17.5,17.5,17.5,17.5,17.5,17.5,17,17,16.5,16.5,17,17,18,18.5,19,19,18.5,18.5,19,20,20,21,22,22.5,22.5,22.5,22.5,23.5,24,23.5,22,21,20.5,20.5,19.5,19.5,19,19,19.5,20.5,20.5,20.5,19.5,19
1495,3,16.5,16.5,16.5,16.5,17.5,18.5,18.5,18,17.5,17.5,17.5,17.5,17.5,17.5,17,17,16.5,16.5,17,17,18,18.5,19,19,18.5,18.5,19,20,20,21,22,22.5,22.5,22.5,22.5,23.5,24,23.5,22,21,20.5,20.5,19.5,19.5,19,19,19.5,20.5,20.5,20.5,19.5,19
1496,3,16.5,16.5,16.5,16.5,17.5,18.5,18.5,18,17.5,17.5,17.5,17.5,17.5,17.5,17,17,16.5,16.5,17,17,18,18.5,19,19,18.5,18.5,19,20,20,21,22,22.5,22.5,22.5,22.5,23.5,24,23.5,22,21,20.5,20.5,19.5,19.5,19,19,19.5,20.5,20.5,20.5,19.5,19
1497,3,16.5,16.5,16.5,16.5,17.5,18.5,18.5,18,17.5,17.5,17.5,17.5,17.5,17.5,17,17,16.5,16.5,17,17,18,18.5,19,19,18.5,18.5,19,20,20,21,22,22.5,22.5,22.5,22.5,23.5,24,23.5,22,21,20.5,20.5,19.5,19.5,19,19,19.5,20.5,20.5,20.5,19.5,19
1498,3,16.5,16.5,16.5,16.5,17.5,18.5,18.5,18,17.5,17.5,17.5,17.5,17.5,17.5,17,17,16.5,16.5,17,17,18,18.5,19,19,18.5,18.5,19,20,20,21,22,22.5,22.5,22.5,22.5,23.5,24,23.5,22,21,20.5,20.5,19.5,19.5,19,19,19.5,20.5,20.5,20.5,19.5,19
1499,3,16.5,16.5,16.5,16.5,17.5,18.5,18.5,18,17.5,17.5,17.5,17.5,17.5,17.5,17,17,16.5,16.5,17,17,18,18.5,19,19,18.5,18.5,19,20,20,21,22,22.5,22.5,22.5,22.5,23.5,24,23.5,22,21,20.5,20.5,19.5,19.5,19,19,19.5,20.5,20.5,20.5,19.5,19
1500,3,16.5,16.5,16.5,16.5,17.5,18.5,18.5,18,17.5,17.5,17.5,17.5,17.5,17.5,17,17,16.5,16.5,17,17,18,18.5,19,19,18.5,18.5,19,20,20,21,22,22.5,22.5,22.5,22.5,23.5,24,23.5,22,21,20.5,20.5,19.5,19.5,19,19,19.5,20.5,20.5,20.5,19.5,19
1501,3,16.5,16.5,16.5,16.5,17.5,18.5,18.5,18,17.5,17.5,17.5,17.5,17.5,17.5,17,17,16.5,16.5,17,17,18,18.5,19,19,18.5,18.5,19,20,20,21,22,22.5,22.5,22.5,22.5,23.5,24,23.5,22,21,20.5,20.5,19.5,19.5,19,19,19.5,20.5,20.5,NA,19.5,19
1502,3,16.5,16.5,16.5,16.5,17.5,18.5,18.5,18,17.5,17.5,17.5,17.5,17.5,17.5,17,17,16.5,16.5,17,17,18,18.5,19,19,18.5,18.5,19,20,20,21,22,22.5,22.5,22.5,22.5,23.5,24,23.5,22,21,20.5,20.5,19.5,19.5,19,19,19.5,20.5,20.5,20.5,19.5,19
1503,3,16.5,16.5,16.5,16.5,17.5,18.5,18.5,18,17.5,17.5,17.5,17.5,17.5,17.5,17,17,16.5,16.5,17,17,18,18.5,19,19,18.5,18.5,19,20,20,21,22,22.5,22.5,22.5,22.5,23.5,24,23.5,22,21,20.5,20.5,19.5,19.5,19,19,19.5,20.5,20.5,20.5,19.5,19
1504,3,16.5,16.5,16.5,16.5,17.5,18.5,18.5,18,17.5,17.5,17.5,17.5,17.5,17.5,17,17,16.5,16.5,17,17,18,18.5,19,19,18.5,18.5,19,20,20,21,22,22.5,22.5,22.5,22.5,23.5,24,23.5,22,21,20.5,20.5,19.5,19.5,19,19,19.5,20.5,20.5,20.5,19.5,19
1505,3,16.5,16.5,16.5,16.5,17.5,18.5,18.5,18,17.5,17.5,17.5,17.5,17.5,17.5,17,17,16.5,16.5,17,17,18,18.5,19,19,18.5,18.5,19,20,20,21,22,22.5,22.5,22.5,22.5,23.5,24,23.5,22,21,20.5,20.5,19.5,19.5,19,19,19.5,20.5,20.5,20.5,19.5,19
1506,3,16.5,16.5,16.5,16.5,17.5,18.5,18.5,18,17.5,17.5,17.5,17.5,17.5,17.5,17,17,16.5,16.5,17,17,18,18.5,19,19,18.5,18.5,19,20,20,21,22,22.5,22.5,22.5,22.5,23.5,24,23.5,22,21,20.5,20.5,19.5,19.5,19,19,19.5,20.5,20.5,20.5,19.5,19
1507,3,16.5,16.5,16.5,16.5,17.5,18.5,18.5,18,17.5,17.5,17.5,17.5,17.5,17.5,17,17,16.5,16.5,17,17,18,18.5,19,19,18.5,18.5,19,20,20,21,22,22.5,22.5,22.5,22.5,23.5,24,23.5,22,21,20.5,20.5,19.5,19.5,19,19,19.5,20.5,20.5,20.5,19.5,19
1508,3,16.5,16.5,16.5,16.5,17.5,18.5,18.5,18,17.5,17.5,17.5,17.5,17.5,17.5,17,17,16.5,16.5,17,17,18,18.5,19,19,18.5,18.5,19,20,20,21,22,22.5,22.5,22.5,22.5,23.5,24,23.5,22,21,20.5,20.5,19.5,19.5,19,19,19.5,20.5,20.5,20.5,19.5,19
1509,3,16.5,16.5,16.5,16.5,17.5,18.5,18.5,18,17.5,17.5,17.5,17.5,17.5,17.5,17,17,16.5,16.5,17,17,18,18.5,19,19,18.5,18.5,19,20,20,21,22,22.5,22.5,22.5,22.5,23.5,24,23.5,22,21,20.5,20.5,19.5,19.5,19,19,19.5,20.5,20.5,20.5,19.5,19
1510,3,16.5,16.5,16.5,16.5,17.5,18.5,18.5,18,17.5,17.5,17.5,17.5,17.5,17.5,17,17,16.5,16.5,17,17,18,18.5,19,19,18.5,18.5,19,20,20,21,22,22.5,22.5,22.5,22.5,23.5,24,23.5,22,21,20.5,20.5,19.5,19.5,19,19,19.5,20.5,20.5,20.5,19.5,19
1511,3,16.5,16.5,16.5,16.5,17.5,18.5,18.5,18,17.5,17.5,17.5,17.5,17.5,17.5,17,17,16.5,16.5,17,17,18,18.5,19,19,18.5,18.5,19,20,20,21,22,22.5,22.5,22.5,22.5,23.5,24,23.5,22,21,20.5,20.5,19.5,19.5,19,19,19.5,20.5,20.5,20.5,19.5,19
1512,3,16.5,16.5,16.5,16.5,17.5,18.5,18.5,18,17.5,17.5,17.5,17.5,17.5,17.5,17,17,16.5,16.5,17,17,18,18.5,19,19,18.5,18.5,19,20,20,21,22,22.5,22.5,22.5,22.5,23.5,24,23.5,22,21,20.5,20.5,19.5,19.5,19,19,19.5,20.5,20.5,20.5,19.5,19
1513,3,16.5,16.5,16.5,16.5,17.5,18.5,18.5,18,17.5,17.5,17.5,17.5,17.5,17.5,17,17,16.5,16.5,17,17,18,18.5,19,19,18.5,18.5,19,20,20,21,22,22.5,22.5,22.5,22.5,23.5,24,23.5,22,21,20.5,20.5,19.5,19.5,19,19,19.5,20.5,20.5,20.5,19.5,19
1548,3,16.5,16.5,16.5,17.5,18.5,18.5,18,17.5,17.5,17.5,17.5,17.5,17.5,17,17,16.5,16.5,17,17,18,18.5,19,19,18.5,18.5,19,20,20,21,22,22.5,22.5,22.5,22.5,23.5,24,23.5,22,21,20.5,20.5,19.5,19.5,19,19,19.5,20.5,20.5,20.5,19.5,19,19.5
1549,3,16.5,16.5,16.5,17.5,18.5,18.5,18,17.5,17.5,17.5,17.5,17.5,17.5,17,17,16.5,16.5,17,17,18,18.5,19,19,18.5,18.5,19,20,20,21,22,22.5,22.5,22.5,22.5,23.5,24,23.5,22,21,20.5,20.5,19.5,19.5,19,19,19.5,20.5,20.5,20.5,19.5,19,19.5
1550,3,16.5,16.5,16.5,17.5,18.5,18.5,18,17.5,17.5,17.5,17.5,17.5,17.5,17,17,16.5,16.5,17,17,18,18.5,19,19,18.5,18.5,19,20,20,21,22,22.5,22.5,22.5,22.5,23.5,24,23.5,22,21,20.5,20.5,19.5,19.5,19,19,19.5,20.5,20.5,20.5,19.5,19,19.5
1551,3,16.5,16.5,16.5,17.5,18.5,18.5,18,17.5,17.5,17.5,17.5,17.5,17.5,17,17,16.5,16.5,17,17,18,18.5,19,19,18.5,18.5,19,20,20,21,22,22.5,22.5,22.5,22.5,23.5,24,23.5,22,21,20.5,20.5,19.5,19.5,19,19,19.5,20.5,20.5,NA,19.5,19,19.5
1552,3,16.5,16.5,16.5,17.5,18.5,18.5,18,17.5,17.5,17.5,17.5,17.5,17.5,17,17,16.5,16.5,17,17,18,18.5,19,19,18.5,18.5,19,20,20,21,22,22.5,22.5,22.5,22.5,23.5,24,23.5,22,21,20.5,20.5,19.5,19.5,19,19,19.5,20.5,20.5,20.5,19.5,19,19.5
1553,3,16.5,16.5,16.5,17.5,18.5,18.5,18,17.5,17.5,17.5,17.5,17.5,17.5,17,17,16.5,16.5,17,17,18,18.5,19,19,18.5,18.5,19,20,20,21,22,22.5,22.5,22.5,22.5,23.5,24,23.5,22,21,20.5,20.5,19.5,19.5,19,19,19.5,20.5,20.5,20.5,19.5,19,19.5
1554,3,16.5,16.5,16.5,17.5,18.5,18.5,18,17.5,17.5,17.5,17.5,17.5,17.5,17,17,16.5,16.5,17,17,18,18.5,19,19,18.5,18.5,19,20,20,21,22,22.5,22.5,22.5,22.5,23.5,24,23.5,22,21,20.5,20.5,19.5,19.5,19,19,19.5,20.5,20.5,20.5,19.5,19,19.5
1555,3,16.5,16.5,16.5,17.5,18.5,18.5,18,17.5,17.5,17.5,17.5,17.5,17.5,17,17,16.5,16.5,17,17,18,18.5,19,19,18.5,18.5,19,20,20,21,22,22.5,22.5,22.5,22.5,23.5,24,23.5,22,21,20.5,20.5,19.5,19.5,19,19,19.5,20.5,20.5,20.5,19.5,19,19.5
1556,3,16.5,16.5,16.5,17.5,18.5,18.5,18,17.5,17.5,17.5,17.5,17.5,17.5,17,17,16.5,16.5,17,17,18,18.5,19,19,18.5,18.5,19,20,20,21,22,22.5,22.5,22.5,22.5,23.5,24,23.5,22,21,20.5,20.5,19.5,19.5,19,19,19.5,20.5,20.5,20.5,19.5,19,19.5
1557,3,16.5,16.5,16.5,17.5,18.5,18.5,18,17.5,17.5,17.5,17.5,17.5,17.5,17,17,16.5,16.5,17,17,18,18.5,19,19,18.5,18.5,19,20,20,21,22,22.5,22.5,22.5,22.5,23.5,24,23.5,22,21,20.5,20.5,19.5,19.5,19,19,19.5,20.5,20.5,20.5,19.5,19,19.5
1558,3,16.5,16.5,16.5,17.5,18.5,18.5,18,17.5,17.5,17.5,17.5,17.5,17.5,17,17,16.5,16.5,17,17,18,18.5,19,19,18.5,18.5,19,20,20,21,22,22.5,22.5,22.5,22.5,23.5,24,23.5,22,21,20.5,20.5,19.5,19.5,19,19,19.5,20.5,20.5,20.5,19.5,19,19.5
1559,3,16.5,16.5,16.5,17.5,18.5,18.5,18,17.5,17.5,17.5,17.5,17.5,17.5,17,17,16.5,16.5,17,17,18,18.5,19,19,18.5,18.5,19,20,20,21,22,22.5,22.5,22.5,22.5,23.5,24,23.5,22,21,20.5,20.5,19.5,19.5,19,19,19.5,20.5,20.5,20.5,19.5,19,19.5
1560,3,16.5,16.5,16.5,17.5,18.5,18.5,18,17.5,17.5,17.5,17.5,17.5,17.5,17,17,16.5,16.5,17,17,18,18.5,19,19,18.5,18.5,19,20,20,21,22,22.5,22.5,22.5,22.5,23.5,24,23.5,22,21,20.5,20.5,19.5,19.5,19,19,19.5,20.5,20.5,20.5,19.5,19,19.5
1561,3,16.5,16.5,16.5,17.5,18.5,18.5,18,17.5,17.5,17.5,17.5,17.5,17.5,17,17,16.5,16.5,17,17,18,18.5,19,19,18.5,18.5,19,20,20,21,22,22.5,22.5,22.5,22.5,23.5,24,23.5,22,21,20.5,20.5,19.5,19.5,19,19,19.5,20.5,20.5,20.5,19.5,19,19.5
1562,3,16.5,16.5,16.5,17.5,18.5,18.5,18,17.5,17.5,17.5,17.5,17.5,17.5,17,17,16.5,16.5,17,17,18,18.5,19,19,18.5,18.5,19,20,20,21,22,22.5,22.5,22.5,22.5,23.5,24,23.5,22,21,20.5,20.5,19.5,19.5,19,19,19.5,20.5,20.5,20.5,19.5,19,19.5
1563,3,16.5,16.5,16.5,17.5,18.5,18.5,18,17.5,17.5,17.5,17.5,17.5,17.5,17,17,16.5,16.5,17,17,18,18.5,19,19,18.5,18.5,19,20,20,21,22,22.5,22.5,22.5,22.5,23.5,24,23.5,22,21,20.5,20.5,19.5,19.5,19,19,19.5,20.5,20.5,20.5,19.5,19,19.5
1564,3,16.5,16.5,16.5,17.5,18.5,18.5,18,17.5,17.5,17.5,17.5,17.5,17.5,17,17,16.5,16.5,17,17,18,18.5,19,19,18.5,18.5,19,20,20,21,22,22.5,22.5,22.5,22.5,23.5,24,23.5,22,21,20.5,20.5,19.5,19.5,19,19,19.5,20.5,20.5,20.5,19.5,19,19.5
1565,3,16.5,16.5,16.5,17.5,18.5,18.5,18,17.5,17.5,17.5,17.5,17.5,17.5,17,17,16.5,16.5,17,17,18,18.5,19,19,18.5,18.5,19,20,20,21,22,22.5,22.5,22.5,22.5,23.5,24,23.5,22,21,20.5,20.5,19.5,19.5,19,19,19.5,20.5,20.5,20.5,19.5,19,19.5
1566,3,16.5,16.5,16.5,17.5,18.5,18.5,18,17.5,17.5,17.5,17.5,17.5,17.5,17,17,16.5,16.5,17,17,18,18.5,19,19,18.5,18.5,19,20,20,21,22,22.5,22.5,22.5,22.5,23.5,24,23.5,22,21,20.5,20.5,19.5,19.5,19,19,19.5,20.5,20.5,20.5,19.5,19,19.5
1567,3,16.5,16.5,16.5,17.5,18.5,18.5,18,17.5,17.5,17.5,17.5,17.5,17.5,17,17,16.5,16.5,17,17,18,18.5,19,19,18.5,18.5,19,20,20,21,22,22.5,22.5,22.5,22.5,23.5,24,23.5,22,21,20.5,20.5,19.5,19.5,19,19,19.5,20.5,20.5,20.5,19.5,19,19.5
1568,3,16.5,16.5,16.5,17.5,18.5,18.5,18,17.5,17.5,17.5,17.5,17.5,17.5,17,17,16.5,16.5,17,17,18,18.5,19,19,18.5,18.5,19,20,20,21,22,22.5,22.5,22.5,22.5,23.5,24,23.5,22,21,20.5,20.5,19.5,19.5,19,19,19.5,20.5,20.5,20.5,19.5,19,19.5
1569,3,16.5,16.5,16.5,17.5,18.5,18.5,18,17.5,17.5,17.5,17.5,17.5,17.5,17,17,16.5,16.5,17,17,18,18.5,19,19,18.5,18.5,19,20,20,21,22,22.5,22.5,22.5,22.5,23.5,24,23.5,22,21,20.5,20.5,19.5,19.5,19,19,19.5,20.5,20.5,20.5,19.5,19,19.5
1570,3,16.5,16.5,16.5,17.5,18.5,18.5,18,17.5,17.5,17.5,17.5,17.5,17.5,17,17,16.5,16.5,17,17,18,18.5,19,19,18.5,18.5,19,20,20,21,22,22.5,22.5,22.5,22.5,23.5,24,23.5,22,21,20.5,20.5,19.5,19.5,19,19,19.5,20.5,20.5,20.5,19.5,19,19.5
1571,3,16.5,16.5,16.5,17.5,18.5,18.5,18,17.5,17.5,17.5,17.5,17.5,17.5,17,17,16.5,16.5,17,17,18,18.5,19,19,18.5,18.5,19,20,20,21,22,22.5,22.5,22.5,22.5,23.5,24,23.5,22,21,20.5,20.5,19.5,19.5,19,19,19.5,20.5,20.5,20.5,19.5,19,19.5
1572,3,16.5,16.5,16.5,17.5,18.5,18.5,18,17.5,17.5,17.5,17.5,17.5,17.5,17,17,16.5,16.5,17,17,18,18.5,19,19,18.5,18.5,19,20,20,21,22,22.5,22.5,22.5,22.5,23.5,24,23.5,22,21,20.5,20.5,19.5,19.5,19,19,19.5,20.5,20.5,20.5,19.5,19,19.5
1583,3,16.5,16.5,16.5,16.5,17.5,18.5,18.5,18,17.5,17.5,17.5,17.5,17.5,17.5,17,17,16.5,16.5,17,17,18,18.5,19,19,18.5,18.5,19,20,20,21,22,22.5,22.5,22.5,22.5,23.5,24,23.5,22,21,20.5,20.5,19.5,19.5,19,19,19.5,20.5,20.5,20.5,19.5,19
1586,3,16.5,16.5,16.5,16.5,17.5,18.5,18.5,18,17.5,17.5,17.5,17.5,17.5,17.5,17,17,16.5,16.5,17,17,18,18.5,19,19,18.5,18.5,19,20,20,21,22,22.5,22.5,22.5,22.5,23.5,24,23.5,22,21,20.5,20.5,19.5,19.5,19,19,19.5,20.5,20.5,20.5,19.5,19
1589,3,16.5,16.5,16.5,16.5,17.5,18.5,18.5,18,17.5,17.5,17.5,17.5,17.5,17.5,17,17,16.5,16.5,17,17,18,18.5,19,19,18.5,18.5,19,20,20,21,22,22.5,22.5,22.5,22.5,23.5,24,23.5,22,21,20.5,20.5,19.5,19.5,19,19,19.5,20.5,20.5,20.5,19.5,19
1590,3,16.5,16.5,16.5,16.5,17.5,18.5,18.5,18,17.5,17.5,17.5,17.5,17.5,17.5,17,17,16.5,16.5,17,17,18,18.5,19,19,18.5,18.5,19,20,20,21,22,22.5,22.5,22.5,22.5,23.5,24,23.5,22,21,20.5,20.5,19.5,19.5,19,19,19.5,20.5,20.5,20.5,19.5,19
1593,3,16.5,16.5,16.5,16.5,17.5,18.5,18.5,18,17.5,17.5,17.5,17.5,17.5,17.5,17,17,16.5,16.5,17,17,18,18.5,19,19,18.5,18.5,19,20,20,21,22,22.5,22.5,22.5,22.5,23.5,24,23.5,22,21,20.5,20.5,19.5,19.5,19,19,19.5,20.5,20.5,20.5,19.5,19
1595,3,16.5,16.5,16.5,16.5,17.5,18.5,18.5,18,17.5,17.5,17.5,17.5,17.5,17.5,17,17,16.5,16.5,17,17,18,18.5,19,19,18.5,18.5,19,20,20,21,22,22.5,22.5,22.5,22.5,23.5,24,23.5,22,21,20.5,20.5,19.5,19.5,19,19,19.5,20.5,20.5,20.5,19.5,19
1596,3,16.5,16.5,16.5,16.5,17.5,18.5,18.5,18,17.5,17.5,17.5,17.5,17.5,17.5,17,17,16.5,16.5,17,17,18,18.5,19,19,18.5,18.5,19,20,20,21,22,22.5,22.5,22.5,22.5,23.5,24,23.5,22,21,20.5,20.5,19.5,19.5,19,19,19.5,20.5,20.5,20.5,19.5,19
1599,3,16.5,16.5,16.5,16.5,17.5,18.5,18.5,18,17.5,17.5,17.5,17.5,17.5,17.5,17,17,16.5,16.5,17,17,18,18.5,19,19,18.5,18.5,19,20,20,21,22,22.5,22.5,22.5,22.5,23.5,24,23.5,22,21,20.5,20.5,19.5,19.5,19,19,19.5,20.5,20.5,20.5,19.5,19
1602,3,16.5,16.5,16.5,16.5,17.5,18.5,18.5,18,17.5,17.5,17.5,17.5,17.5,17.5,17,17,16.5,16.5,17,17,18,18.5,19,19,18.5,18.5,19,20,20,21,22,22.5,22.5,22.5,22.5,23.5,24,23.5,22,21,20.5,20.5,19.5,19.5,19,19,19.5,20.5,20.5,20.5,19.5,19
1604,3,16.5,16.5,16.5,16.5,17.5,18.5,18.5,18,17.5,17.5,17.5,17.5,17.5,17.5,17,17,16.5,16.5,17,17,18,18.5,19,19,18.5,18.5,19,20,20,21,22,22.5,22.5,22.5,22.5,23.5,24,23.5,22,21,20.5,20.5,19.5,19.5,19,19,19.5,20.5,20.5,20.5,19.5,19
1606,3,16.5,16.5,16.5,16.5,17.5,18.5,18.5,18,17.5,17.5,17.5,17.5,17.5,17.5,17,17,16.5,16.5,17,17,18,18.5,19,19,18.5,18.5,19,20,20,21,22,22.5,22.5,22.5,22.5,23.5,24,23.5,22,21,20.5,20.5,19.5,19.5,19,19,19.5,20.5,20.5,20.5,19.5,19
1610,3,16.5,16.5,16.5,16.5,17.5,18.5,18.5,18,17.5,17.5,17.5,17.5,17.5,17.5,17,17,16.5,16.5,17,17,18,18.5,19,19,18.5,18.5,19,20,20,21,22,22.5,22.5,22.5,22.5,23.5,24,23.5,22,21,20.5,20.5,19.5,19.5,19,19,19.5,20.5,20.5,20.5,19.5,19
1611,3,16.5,16.5,16.5,16.5,17.5,18.5,18.5,18,17.5,17.5,17.5,17.5,17.5,17.5,17,17,16.5,16.5,17,17,18,18.5,19,19,18.5,18.5,19,20,20,21,22,22.5,22.5,22.5,22.5,23.5,24,23.5,22,21,20.5,20.5,19.5,19.5,19,19,19.5,20.5,20.5,20.5,19.5,19
1618,3,16.5,16.5,16.5,16.5,17.5,18.5,18.5,18,17.5,17.5,17.5,17.5,17.5,17.5,17,17,16.5,16.5,17,17,18,18.5,19,19,18.5,18.5,19,20,20,21,22,22.5,22.5,22.5,22.5,23.5,24,23.5,22,21,20.5,20.5,19.5,19.5,19,19,19.5,20.5,20.5,20.5,19.5,19
1619,3,16.5,16.5,16.5,16.5,17.5,18.5,18.5,18,17.5,17.5,17.5,17.5,17.5,17.5,17,17,16.5,16.5,17,17,18,18.5,19,19,18.5,18.5,19,20,20,21,22,22.5,22.5,22.5,22.5,23.5,24,23.5,22,21,20.5,20.5,19.5,19.5,19,19,19.5,20.5,20.5,20.5,19.5,19
1620,3,16.5,16.5,16.5,16.5,17.5,18.5,18.5,18,17.5,17.5,17.5,17.5,17.5,17.5,17,17,16.5,16.5,17,17,18,18.5,19,19,18.5,18.5,19,20,20,21,22,22.5,22.5,22.5,22.5,23.5,24,23.5,22,21,20.5,20.5,19.5,19.5,19,19,19.5,20.5,20.5,20.5,19.5,19
1622,3,16.5,16.5,16.5,16.5,17.5,18.5,18.5,18,17.5,17.5,17.5,17.5,17.5,17.5,17,17,16.5,16.5,17,17,18,18.5,19,19,18.5,18.5,19,20,20,21,22,22.5,22.5,22.5,22.5,23.5,24,23.5,22,21,20.5,20.5,19.5,19.5,19,19,19.5,20.5,20.5,20.5,19.5,19
1625,3,16.5,16.5,16.5,16.5,17.5,18.5,18.5,18,17.5,17.5,17.5,17.5,17.5,17.5,17,17,16.5,16.5,17,17,18,18.5,19,19,18.5,18.5,19,20,20,21,22,22.5,22.5,22.5,22.5,23.5,24,23.5,22,21,20.5,20.5,19.5,19.5,19,19,19.5,20.5,20.5,20.5,19.5,19
1627,3,16.5,16.5,16.5,16.5,17.5,18.5,18.5,18,17.5,17.5,17.5,17.5,17.5,17.5,17,17,16.5,16.5,17,17,18,18.5,19,19,18.5,18.5,19,20,20,21,22,22.5,22.5,22.5,22.5,23.5,24,23.5,22,21,20.5,20.5,19.5,19.5,19,19,19.5,20.5,20.5,20.5,19.5,19
1628,3,16.5,16.5,16.5,16.5,17.5,18.5,18.5,18,17.5,17.5,17.5,17.5,17.5,17.5,17,17,16.5,16.5,17,17,18,18.5,19,19,18.5,18.5,19,20,20,21,22,22.5,22.5,22.5,22.5,23.5,24,23.5,22,21,20.5,20.5,19.5,19.5,19,19,19.5,20.5,20.5,20.5,19.5,19
1629,3,16.5,16.5,16.5,16.5,17.5,18.5,18.5,18,17.5,17.5,17.5,17.5,17.5,17.5,17,17,16.5,16.5,17,17,18,18.5,19,19,18.5,18.5,19,20,20,21,22,22.5,22.5,22.5,22.5,23.5,24,23.5,22,21,20.5,20.5,19.5,19.5,19,19,19.5,20.5,20.5,20.5,19.5,19
1630,3,16.5,16.5,16.5,16.5,17.5,18.5,18.5,18,17.5,17.5,17.5,17.5,17.5,17.5,17,17,16.5,16.5,17,17,18,18.5,19,19,18.5,18.5,19,20,20,21,22,22.5,22.5,22.5,22.5,23.5,24,23.5,22,21,20.5,20.5,19.5,19.5,19,19,19.5,20.5,20.5,20.5,19.5,19
1632,3,16.5,16.5,16.5,16.5,17.5,18.5,18.5,18,17.5,17.5,17.5,17.5,17.5,17.5,17,17,16.5,16.5,17,17,18,18.5,19,19,18.5,18.5,19,20,20,21,22,22.5,22.5,22.5,22.5,23.5,24,23.5,22,21,20.5,20.5,19.5,19.5,19,19,19.5,20.5,20.5,20.5,19.5,19
1635,3,16.5,16.5,16.5,16.5,17.5,18.5,18.5,18,17.5,17.5,17.5,17.5,17.5,17.5,17,17,16.5,16.5,17,17,18,18.5,19,19,18.5,18.5,19,20,20,21,22,22.5,22.5,22.5,22.5,23.5,24,23.5,22,21,20.5,20.5,19.5,19.5,19,19,19.5,20.5,20.5,20.5,19.5,19
1636,3,16.5,16.5,16.5,16.5,17.5,18.5,18.5,18,17.5,17.5,17.5,17.5,17.5,17.5,17,17,16.5,16.5,17,17,18,18.5,19,19,18.5,18.5,19,20,20,21,22,22.5,22.5,22.5,22.5,23.5,24,23.5,22,21,20.5,20.5,19.5,19.5,19,19,19.5,20.5,20.5,20.5,19.5,19
1639,3,16.5,16.5,16.5,17.5,18.5,18.5,18,17.5,17.5,17.5,17.5,17.5,17.5,17,17,16.5,16.5,17,17,18,18.5,19,19,18.5,18.5,19,20,20,21,22,22.5,22.5,22.5,22.5,23.5,24,23.5,22,21,20.5,20.5,19.5,19.5,19,19,19.5,20.5,20.5,20.5,19.5,19,19.5
1641,3,16.5,16.5,16.5,17.5,18.5,18.5,18,17.5,17.5,17.5,17.5,17.5,17.5,17,17,16.5,16.5,17,17,18,18.5,19,19,18.5,18.5,19,20,20,21,22,22.5,22.5,22.5,22.5,23.5,24,23.5,22,21,20.5,20.5,19.5,19.5,19,19,19.5,20.5,20.5,20.5,19.5,19,19.5
1642,3,16.5,16.5,16.5,17.5,18.5,18.5,18,17.5,17.5,17.5,17.5,17.5,17.5,17,17,16.5,16.5,17,17,18,18.5,19,19,18.5,18.5,19,20,20,21,22,22.5,22.5,22.5,22.5,23.5,24,23.5,22,21,20.5,20.5,19.5,19.5,19,19,19.5,20.5,20.5,20.5,NA,19,19.5
1644,3,16.5,16.5,16.5,17.5,18.5,18.5,18,17.5,17.5,17.5,17.5,17.5,17.5,17,17,16.5,16.5,17,17,18,18.5,19,19,18.5,18.5,19,20,20,21,22,22.5,22.5,22.5,22.5,23.5,24,23.5,22,21,20.5,20.5,19.5,19.5,19,19,19.5,20.5,20.5,20.5,19.5,19,19.5
1646,3,16.5,16.5,16.5,17.5,18.5,18.5,18,17.5,17.5,17.5,17.5,17.5,17.5,17,17,16.5,16.5,17,17,18,18.5,19,19,18.5,18.5,19,20,20,21,22,22.5,22.5,22.5,22.5,23.5,24,23.5,22,21,20.5,20.5,19.5,19.5,19,19,19.5,20.5,20.5,20.5,19.5,19,19.5
1647,3,16.5,16.5,16.5,17.5,18.5,18.5,18,17.5,17.5,17.5,17.5,17.5,17.5,17,17,16.5,16.5,17,17,18,18.5,19,19,18.5,18.5,19,20,20,21,22,22.5,22.5,22.5,22.5,23.5,24,23.5,22,21,20.5,20.5,19.5,19.5,19,19,19.5,20.5,20.5,20.5,19.5,19,19.5
1649,3,16.5,16.5,16.5,17.5,18.5,18.5,18,17.5,17.5,17.5,17.5,17.5,17.5,17,17,16.5,16.5,17,17,18,18.5,19,19,18.5,18.5,19,20,20,21,22,22.5,22.5,22.5,22.5,23.5,24,23.5,22,21,20.5,20.5,19.5,19.5,19,19,19.5,20.5,20.5,20.5,19.5,19,19.5
1650,3,16.5,16.5,16.5,17.5,18.5,18.5,18,17.5,17.5,17.5,17.5,17.5,17.5,17,17,16.5,16.5,17,17,18,18.5,19,19,18.5,18.5,19,20,20,21,22,22.5,22.5,22.5,22.5,23.5,24,23.5,22,21,20.5,20.5,19.5,19.5,19,19,19.5,20.5,20.5,20.5,19.5,19,19.5
1651,3,16.5,16.5,16.5,17.5,18.5,18.5,18,17.5,17.5,17.5,17.5,17.5,17.5,17,17,16.5,16.5,17,17,18,18.5,19,19,18.5,18.5,19,20,20,21,22,22.5,22.5,22.5,22.5,23.5,24,23.5,22,21,20.5,20.5,19.5,19.5,19,19,19.5,20.5,20.5,20.5,19.5,19,19.5
1652,3,16.5,16.5,16.5,17.5,18.5,18.5,18,17.5,17.5,17.5,17.5,17.5,17.5,17,17,16.5,16.5,17,17,18,18.5,19,19,18.5,18.5,19,20,20,21,22,22.5,22.5,22.5,22.5,23.5,24,23.5,22,21,20.5,20.5,19.5,19.5,19,19,19.5,20.5,20.5,20.5,19.5,19,19.5
1656,3,16.5,16.5,16.5,17.5,18.5,18.5,18,17.5,17.5,17.5,17.5,17.5,17.5,17,17,16.5,16.5,17,17,18,18.5,19,19,18.5,18.5,19,20,20,21,22,22.5,22.5,22.5,22.5,23.5,24,23.5,22,21,20.5,20.5,19.5,19.5,19,19,19.5,20.5,20.5,20.5,19.5,19,19.5
1657,3,16.5,16.5,16.5,17.5,18.5,18.5,18,17.5,17.5,17.5,17.5,17.5,17.5,17,17,16.5,16.5,17,17,18,18.5,19,19,18.5,18.5,19,20,20,21,22,22.5,22.5,22.5,22.5,23.5,24,23.5,22,21,20.5,20.5,19.5,19.5,19,19,19.5,20.5,20.5,20.5,19.5,19,19.5
1658,3,16.5,16.5,16.5,17.5,18.5,18.5,18,17.5,17.5,17.5,17.5,17.5,17.5,17,17,16.5,16.5,17,17,18,18.5,19,19,18.5,18.5,19,20,20,21,22,22.5,22.5,22.5,22.5,23.5,24,23.5,22,21,20.5,20.5,19.5,19.5,19,19,19.5,20.5,20.5,20.5,19.5,19,19.5
1660,3,16.5,16.5,16.5,17.5,18.5,18.5,18,17.5,17.5,17.5,17.5,17.5,17.5,17,17,16.5,16.5,17,17,18,18.5,19,19,18.5,18.5,19,20,20,21,22,22.5,22.5,22.5,22.5,23.5,24,23.5,22,21,20.5,20.5,19.5,19.5,19,19,19.5,20.5,20.5,20.5,19.5,19,19.5
1665,3,16.5,16.5,16.5,17.5,18.5,18.5,18,17.5,17.5,17.5,17.5,17.5,17.5,17,17,16.5,16.5,17,17,18,18.5,19,19,18.5,18.5,19,20,20,21,22,22.5,22.5,22.5,22.5,23.5,24,23.5,22,21,20.5,20.5,19.5,19.5,19,19,19.5,20.5,20.5,20.5,19.5,19,19.5
1667,3,16.5,16.5,16.5,17.5,18.5,18.5,18,17.5,17.5,17.5,17.5,17.5,17.5,17,17,16.5,16.5,17,17,18,18.5,19,19,18.5,18.5,19,20,20,21,22,22.5,22.5,22.5,22.5,23.5,24,23.5,22,21,20.5,20.5,19.5,19.5,19,19,19.5,20.5,20.5,20.5,19.5,19,19.5
1668,3,16.5,16.5,16.5,17.5,18.5,18.5,18,17.5,17.5,17.5,17.5,17.5,17.5,17,17,16.5,16.5,17,17,18,18.5,19,19,18.5,18.5,19,20,20,21,22,22.5,22.5,22.5,22.5,23.5,24,23.5,22,21,20.5,20.5,19.5,19.5,19,19,19.5,20.5,20.5,20.5,19.5,19,19.5
1677,3,16.5,16.5,16.5,17.5,18.5,18.5,18,17.5,17.5,17.5,17.5,17.5,17.5,17,17,16.5,16.5,17,17,18,18.5,19,19,18.5,18.5,19,20,20,21,22,22.5,22.5,22.5,22.5,23.5,24,23.5,22,21,20.5,20.5,19.5,19.5,19,19,19.5,20.5,20.5,20.5,19.5,19,19.5
1678,3,16.5,16.5,16.5,17.5,18.5,18.5,18,17.5,17.5,17.5,17.5,17.5,17.5,17,17,16.5,16.5,17,17,18,18.5,19,19,18.5,18.5,19,20,20,21,22,22.5,22.5,22.5,22.5,23.5,24,23.5,22,21,20.5,20.5,19.5,19.5,19,19,19.5,20.5,20.5,20.5,19.5,19,19.5
1679,3,16.5,16.5,16.5,17.5,18.5,18.5,18,17.5,17.5,17.5,17.5,17.5,17.5,17,17,16.5,16.5,17,17,18,18.5,19,19,18.5,18.5,19,20,20,21,22,22.5,22.5,22.5,22.5,23.5,24,23.5,22,21,20.5,20.5,19.5,19.5,19,19,19.5,20.5,20.5,20.5,19.5,19,19.5
1682,3,16.5,16.5,16.5,17.5,18.5,18.5,18,17.5,17.5,17.5,17.5,17.5,17.5,17,17,16.5,16.5,17,17,18,18.5,19,19,18.5,18.5,19,20,20,21,22,22.5,22.5,22.5,22.5,23.5,24,23.5,22,21,20.5,20.5,19.5,19.5,19,19,19.5,20.5,20.5,20.5,19.5,19,19.5
1685,3,16.5,16.5,16.5,17.5,18.5,18.5,18,17.5,17.5,17.5,17.5,17.5,17.5,17,17,16.5,16.5,17,17,18,18.5,19,19,18.5,18.5,19,20,20,21,22,22.5,22.5,22.5,22.5,23.5,24,23.5,22,21,20.5,20.5,19.5,19.5,19,19,19.5,20.5,20.5,20.5,19.5,19,19.5
1687,3,16.5,16.5,16.5,17.5,18.5,18.5,18,17.5,17.5,17.5,17.5,17.5,17.5,17,17,16.5,16.5,17,17,18,18.5,19,19,18.5,18.5,19,20,20,21,22,22.5,22.5,22.5,22.5,23.5,24,23.5,22,21,20.5,20.5,19.5,19.5,19,19,19.5,20.5,20.5,20.5,19.5,19,19.5
1692,3,16.5,16.5,16.5,17.5,18.5,18.5,18,17.5,17.5,17.5,17.5,17.5,17.5,17,17,16.5,16.5,17,17,18,18.5,19,19,18.5,18.5,19,20,20,21,22,22.5,22.5,22.5,22.5,23.5,24,23.5,22,21,20.5,20.5,19.5,19.5,19,19,19.5,20.5,20.5,20.5,19.5,19,19.5
1693,3,16.5,16.5,16.5,17.5,18.5,18.5,18,17.5,17.5,17.5,17.5,17.5,17.5,17,17,16.5,16.5,17,17,18,18.5,19,19,18.5,18.5,19,20,20,21,22,22.5,22.5,22.5,22.5,23.5,24,23.5,22,21,20.5,20.5,19.5,19.5,19,19,19.5,20.5,20.5,20.5,19.5,19,19.5
